Id;Obra;Bloco;Unidade;Nome;CPF_CNPJ;PercentualParticipacao;Principal;CreatedOn;ModifiedOn;Ativo;CodClienteSap
1;175;1;402;CLIENTE 1;111.111.111-11;50.00;1;2014-11-24 16:09:13.193;2014-11-24 16:09:13.193;1;192673
2;175;1;402;CLIENTE 2;111.111.111-12;50.00;0;2014-11-24 16:09:13.200;2014-11-24 16:09:13.200;1;192675
3;175;1;406;CLIENTE 3;111.111.111-13;50.00;1;2014-11-24 16:11:00.690;2014-11-24 16:11:00.690;1;150987
4;175;1;406;CLIENTE 4;111.111.111-14;50.00;0;2014-11-24 16:11:00.690;2014-11-24 16:11:00.690;1;150992
5;175;1;501;CLIENTE 5;111.111.111-15;50.00;1;2014-11-24 16:11:41.520;2014-11-24 16:11:41.520;1;162316
6;175;1;501;CLIENTE 6;111.111.111-16;50.00;0;2014-11-24 16:11:41.520;2014-11-24 16:11:41.520;1;162320
7;175;1;503;CLIENTE 7;111.111.111-17;50.00;1;2014-11-24 16:11:41.533;2014-11-24 16:11:41.533;1;136533
8;175;1;503;CLIENTE 8;111.111.111-18;50.00;0;2014-11-24 16:11:41.533;2014-11-24 16:11:41.533;1;136534
9;175;1;504;CLIENTE 9;111.111.111-19;100.00;1;2014-11-24 16:11:41.543;2014-11-24 16:11:41.543;1;172905
10;175;1;505;CLIENTE 10;111.111.111-20;50.00;0;2014-11-24 16:11:41.557;2014-11-24 16:11:41.557;1;155663
11;175;1;505;CLIENTE 11;111.111.111-21;50.00;1;2014-11-24 16:11:41.557;2014-11-24 16:11:41.557;1;155664
12;175;1;506;CLIENTE 12;111.111.111-22;50.00;0;2014-11-24 16:11:41.570;2014-11-24 16:11:41.570;1;120142
13;175;1;506;CLIENTE 13;111.111.111-23;50.00;1;2014-11-24 16:11:41.570;2014-11-24 16:11:41.570;1;120129
14;175;1;601;CLIENTE 14;111.111.111-24;50.00;0;2014-11-24 16:11:41.580;2014-11-24 16:11:41.580;1;81467
15;175;1;601;CLIENTE 15;111.111.111-25;50.00;1;2014-11-24 16:11:41.580;2014-11-24 16:11:41.580;1;81469
16;175;1;602;CLIENTE 16;111.111.111-26;50.00;0;2014-11-24 16:11:41.593;2014-11-24 16:11:41.593;1;116836
17;175;1;602;CLIENTE 17;111.111.111-27;50.00;1;2014-11-24 16:11:41.593;2014-11-24 16:11:41.593;1;116841
18;175;1;603;CLIENTE 18;111.111.111-28;50.00;1;2014-11-24 16:11:41.607;2014-11-24 16:11:41.607;1;162501
19;175;1;603;CLIENTE 19;111.111.111-29;50.00;0;2014-11-24 16:11:41.607;2014-11-24 16:11:41.607;1;162502
20;175;1;604;CLIENTE 20;111.111.111-30;100.00;1;2014-11-24 16:11:41.617;2014-11-24 16:11:41.617;1;153763
21;175;1;605;CLIENTE 21;111.111.111-31;50.00;1;2014-11-24 16:11:41.630;2014-11-24 16:11:41.630;1;172801
22;175;1;605;CLIENTE 22;111.111.111-32;50.00;0;2014-11-24 16:11:41.630;2014-11-24 16:11:41.630;1;172833
23;175;1;606;CLIENTE 23;111.111.111-33;100.00;1;2014-11-24 16:11:41.643;2014-11-24 16:11:41.643;1;32660
24;175;1;701;CLIENTE 24;111.111.111-34;100.00;1;2014-11-24 16:11:41.653;2014-11-24 16:11:41.653;1;52943
25;175;1;702;CLIENTE 25;111.111.111-35;50.00;1;2014-11-24 16:11:41.663;2014-11-24 16:11:41.663;1;133546
26;175;1;702;CLIENTE 26;111.111.111-36;50.00;0;2014-11-24 16:11:41.663;2014-11-24 16:11:41.663;1;133548
27;175;1;703;CLIENTE 27;111.111.111-37;50.00;0;2014-11-24 16:11:41.677;2014-11-24 16:11:41.677;1;114783
28;175;1;703;CLIENTE 28;111.111.111-38;50.00;1;2014-11-24 16:11:41.677;2014-11-24 16:11:41.677;1;114591
29;175;1;705;CLIENTE 29;111.111.111-39;50.00;0;2014-11-24 16:11:41.690;2014-11-24 16:11:41.690;1;149616
30;175;1;705;CLIENTE 30;111.111.111-40;50.00;1;2014-11-24 16:11:41.690;2014-11-24 16:11:41.690;1;149782
31;175;1;706;CLIENTE 31;111.111.111-41;50.00;1;2014-11-24 16:11:41.700;2014-11-24 16:11:41.700;1;58073
32;175;1;706;CLIENTE 32;111.111.111-42;50.00;0;2014-11-24 16:11:41.700;2014-11-24 16:11:41.700;1;58081
33;175;1;801;CLIENTE 33;111.111.111-43;100.00;1;2014-11-24 16:11:41.713;2014-11-24 16:11:41.713;1;75069
34;175;1;802;CLIENTE 34;111.111.111-44;50.00;1;2014-11-24 16:11:41.727;2014-11-24 16:11:41.727;1;129344
35;175;1;802;CLIENTE 35;111.111.111-45;50.00;0;2014-11-24 16:11:41.727;2014-11-24 16:11:41.727;1;129348
36;175;1;803;CLIENTE 36;111.111.111-46;100.00;1;2014-11-24 16:11:41.737;2014-11-24 16:11:41.737;1;139201
37;175;1;804;CLIENTE 37;111.111.111-47;100.00;1;2014-11-24 16:11:41.750;2014-11-24 16:11:41.750;1;167613
38;175;1;901;CLIENTE 38;111.111.111-48;100.00;1;2014-11-24 16:11:41.763;2014-11-24 16:11:41.763;1;55302
39;175;1;902;CLIENTE 39;111.111.111-49;50.00;0;2014-11-24 16:11:41.773;2014-11-24 16:11:41.773;1;98980
40;175;1;902;CLIENTE 40;111.111.111-50;50.00;1;2014-11-24 16:11:41.773;2014-11-24 16:11:41.773;1;98982
41;175;1;903;CLIENTE 41;111.111.111-51;50.00;1;2014-11-24 16:11:41.787;2014-11-24 16:11:41.787;1;116862
42;175;1;903;CLIENTE 42;111.111.111-52;50.00;0;2014-11-24 16:11:41.787;2014-11-24 16:11:41.787;1;116865
43;175;1;905;CLIENTE 43;111.111.111-53;100.00;1;2014-11-24 16:11:41.800;2014-11-24 16:11:41.800;1;137009
44;175;1;1002;CLIENTE 44;111.111.111-54;100.00;1;2014-11-24 16:11:41.810;2014-11-24 16:11:41.810;1;116334
45;175;1;1003;CLIENTE 45;111.111.111-55;50.00;0;2014-11-24 16:11:41.827;2014-11-24 16:11:41.827;1;148424
46;175;1;1003;CLIENTE 46;111.111.111-56;50.00;1;2014-11-24 16:11:41.827;2014-11-24 16:11:41.827;1;148425
47;175;1;1004;CLIENTE 47;111.111.111-57;100.00;1;2014-11-24 16:11:41.837;2014-11-24 16:11:41.837;1;171601
48;175;1;1005;CLIENTE 48;111.111.111-58;50.00;0;2014-11-24 16:11:41.843;2014-11-24 16:11:41.843;1;120751
49;175;1;1005;CLIENTE 49;111.111.111-59;50.00;1;2014-11-24 16:11:41.843;2014-11-24 16:11:41.843;1;120761
50;175;1;1006;CLIENTE 50;111.111.111-60;50.00;1;2014-11-24 16:11:41.857;2014-11-24 16:11:41.857;1;54631
51;175;1;1006;CLIENTE 51;111.111.111-61;50.00;0;2014-11-24 16:11:41.857;2014-11-24 16:11:41.857;1;54636
52;175;1;1101;CLIENTE 52;111.111.111-62;50.00;0;2014-11-24 16:11:41.870;2014-11-24 16:11:41.870;1;115658
53;175;1;1101;CLIENTE 53;111.111.111-63;50.00;1;2014-11-24 16:11:41.870;2014-11-24 16:11:41.870;1;115664
54;175;1;1103;CLIENTE 54;111.111.111-64;50.00;1;2014-11-24 16:11:41.880;2014-11-24 16:11:41.880;1;128806
55;175;1;1103;CLIENTE 55;111.111.111-65;50.00;0;2014-11-24 16:11:41.880;2014-11-24 16:11:41.880;1;128810
56;175;1;1105;CLIENTE 56;111.111.111-66;100.00;1;2014-11-24 16:11:41.893;2014-11-24 16:11:41.893;1;35687
57;175;1;1106;CLIENTE 57;111.111.111-67;50.00;0;2014-11-24 16:11:41.903;2014-11-24 16:11:41.903;1;122701
58;175;1;1106;CLIENTE 58;111.111.111-68;50.00;1;2014-11-24 16:11:41.903;2014-11-24 16:11:41.903;1;122753
59;175;1;1201;CLIENTE 59;111.111.111-69;50.00;1;2014-11-24 16:11:41.913;2016-05-17 02:30:00.683;1;59479
60;175;1;1202;CLIENTE 60;111.111.111-70;50.00;0;2014-11-24 16:11:41.923;2014-11-24 16:11:41.923;1;130543
61;175;1;1202;CLIENTE 61;111.111.111-71;50.00;1;2014-11-24 16:11:41.923;2014-11-24 16:11:41.923;1;130099
62;175;1;1204;CLIENTE 62;111.111.111-72;100.00;1;2014-11-24 16:11:41.933;2014-11-24 16:11:41.933;1;26721
63;175;1;1205;CLIENTE 63;111.111.111-73;50.00;0;2014-11-24 16:11:41.943;2014-11-24 16:11:41.943;1;71427
64;175;1;1205;CLIENTE 64;111.111.111-74;50.00;1;2014-11-24 16:11:41.943;2014-11-24 16:11:41.943;1;36087
65;175;1;1206;CLIENTE 65;111.111.111-75;50.00;1;2014-11-24 16:11:41.957;2014-11-24 16:11:41.957;1;66762
66;175;1;1206;CLIENTE 66;111.111.111-76;50.00;0;2014-11-24 16:11:41.957;2014-11-24 16:11:41.957;1;66763
67;175;1;1301;CLIENTE 67;111.111.111-77;50.00;0;2014-11-24 16:11:41.970;2014-11-24 16:11:41.970;1;64834
68;175;1;1301;CLIENTE 68;111.111.111-78;50.00;1;2014-11-24 16:11:41.970;2014-11-24 16:11:41.970;1;64937
69;175;1;1302;CLIENTE 69;111.111.111-79;50.00;1;2014-11-24 16:11:41.980;2014-11-24 16:11:41.980;1;10378
70;175;1;1302;CLIENTE 70;111.111.111-80;50.00;0;2014-11-24 16:11:41.980;2014-11-24 16:11:41.980;1;73261
71;175;1;1303;CLIENTE 71;111.111.111-81;50.00;1;2014-11-24 16:11:41.993;2014-11-24 16:11:41.993;1;150346
72;175;1;1303;CLIENTE 72;111.111.111-82;50.00;0;2014-11-24 16:11:41.993;2014-11-24 16:11:41.993;1;150351
73;175;1;1305;CLIENTE 73;111.111.111-83;100.00;1;2014-11-24 16:11:42.003;2014-11-24 16:11:42.003;1;76287
74;175;1;1306;CLIENTE 74;111.111.111-84;50.00;0;2014-11-24 16:11:42.017;2014-11-24 16:11:42.017;1;160847
75;175;1;1306;CLIENTE 75;111.111.111-85;50.00;1;2014-11-24 16:11:42.017;2014-11-24 16:11:42.017;1;161076
76;175;1;1401;CLIENTE 76;111.111.111-86;50.00;1;2014-11-24 16:11:42.030;2014-11-24 16:11:42.030;1;93094
77;175;1;1401;CLIENTE 77;111.111.111-87;50.00;0;2014-11-24 16:11:42.030;2014-11-24 16:11:42.030;1;93095
78;175;1;1402;CLIENTE 78;111.111.111-88;50.00;0;2014-11-24 16:11:42.043;2014-11-24 16:11:42.043;1;129486
79;175;1;1402;CLIENTE 79;111.111.111-89;50.00;1;2014-11-24 16:11:42.043;2014-11-24 16:11:42.043;1;129488
80;175;1;1403;CLIENTE 80;111.111.111-90;100.00;1;2014-11-24 16:11:42.053;2014-11-24 16:11:42.053;1;28763
81;175;1;1404;CLIENTE 81;111.111.111-91;50.00;0;2014-11-24 16:11:42.067;2014-11-24 16:11:42.067;1;75800
82;175;1;1404;CLIENTE 82;111.111.111-92;50.00;1;2014-11-24 16:11:42.067;2014-11-24 16:11:42.067;1;75804
83;175;1;1406;CLIENTE 83;111.111.111-93;50.00;1;2014-11-24 16:11:42.080;2014-11-24 16:11:42.080;1;73294
84;175;1;1406;CLIENTE 84;111.111.111-94;50.00;0;2014-11-24 16:11:42.080;2014-11-24 16:11:42.080;1;73304
85;175;1;1501;CLIENTE 85;111.111.111-95;100.00;1;2014-11-24 16:11:42.090;2014-11-24 16:11:42.090;1;52279
86;175;1;1502;CLIENTE 86;111.111.111-96;50.00;1;2014-11-24 16:11:42.100;2016-05-17 02:30:00.850;1;100185
87;175;1;1503;CLIENTE 87;111.111.111-97;50.00;1;2014-11-24 16:11:42.110;2016-05-17 02:30:00.860;1;75083
88;175;1;1504;CLIENTE 88;111.111.111-98;50.00;1;2014-11-24 16:11:42.120;2016-05-17 02:30:00.870;1;47081
89;175;91;36;CLIENTE 89;111.111.111-99;100.00;1;2014-11-24 16:11:42.133;2014-11-24 16:11:42.133;1;55302
90;175;91;50;CLIENTE 90;111.111.113-10;100.00;1;2014-11-24 16:11:42.140;2014-11-24 16:11:42.140;1;153763
91;8366;1;3;CLIENTE 91;111.111.113-11;100.00;1;2014-11-24 16:11:42.153;2016-07-06 07:45:14.550;1;139640
92;8366;1;6;CLIENTE 92;111.111.113-12;100.00;1;2014-11-24 16:11:42.167;2016-07-06 07:45:14.553;1;140819
93;8366;1;11;CLIENTE 93;111.111.113-13;100.00;1;2014-11-24 16:11:42.180;2016-07-06 07:45:14.560;1;136127
94;8366;1;12;CLIENTE 94;111.111.113-14;50.00;1;2014-11-24 16:11:42.190;2016-07-06 07:45:14.570;1;151677
95;8366;1;12;CLIENTE 95;111.111.113-15;50.00;0;2014-11-24 16:11:42.190;2016-07-06 07:45:14.570;1;151678
96;8366;1;13;CLIENTE 96;111.111.113-16;50.00;1;2014-11-24 16:11:42.203;2016-07-06 07:45:14.577;1;245983
97;8366;1;13;CLIENTE 97;111.111.113-17;50.00;0;2014-11-24 16:11:42.203;2016-07-06 07:45:14.577;1;245994
98;8366;1;14;CLIENTE 98;111.111.113-18;100.00;1;2014-11-24 16:11:42.217;2016-07-06 07:45:14.583;1;163218
99;8366;1;15;CLIENTE 99;111.111.113-19;100.00;1;2014-11-24 16:11:42.227;2016-07-06 07:45:14.590;1;152933
100;8366;1;16;CLIENTE 100;111.111.113-20;100.00;1;2014-11-24 16:11:42.240;2016-07-06 07:45:14.593;1;163411
101;8366;1;17;CLIENTE 101;111.111.113-21;100.00;1;2014-11-24 16:11:42.250;2016-07-06 07:45:14.600;1;245792
102;8366;1;18;CLIENTE 102;111.111.113-22;100.00;1;2014-11-24 16:11:42.263;2016-07-06 07:45:14.607;1;136734
103;8366;1;21;CLIENTE 103;111.111.113-23;100.00;1;2014-11-24 16:11:42.277;2016-07-06 07:45:14.610;1;102933
104;8366;1;22;CLIENTE 104;111.111.113-24;100.00;1;2014-11-24 16:11:42.290;2016-07-06 07:45:14.617;1;243924
105;8366;1;23;CLIENTE 105;111.111.113-25;50.00;1;2014-11-24 16:11:42.300;2016-07-06 07:45:14.623;1;147474
106;8366;1;23;CLIENTE 106;111.111.113-26;50.00;0;2014-11-24 16:11:42.300;2016-07-06 07:45:14.623;1;147476
107;8366;1;24;CLIENTE 107;111.111.113-27;100.00;1;2014-11-24 16:11:42.313;2016-07-06 07:45:14.630;1;139691
108;8366;1;25;CLIENTE 108;111.111.113-28;50.00;1;2014-11-24 16:11:42.327;2016-07-06 07:45:14.637;1;143995
109;8366;1;25;CLIENTE 109;111.111.113-29;50.00;0;2014-11-24 16:11:42.327;2016-07-06 07:45:14.637;1;144008
110;8366;1;26;CLIENTE 110;111.111.113-30;100.00;1;2014-11-24 16:11:42.340;2016-07-06 07:45:14.640;1;187561
111;8366;1;27;CLIENTE 111;111.111.113-31;100.00;1;2014-11-24 16:11:42.350;2016-07-06 07:45:14.647;1;190840
112;8366;1;28;CLIENTE 112;111.111.113-32;100.00;1;2014-11-24 16:11:42.363;2016-07-06 07:45:14.653;1;120720
113;8366;1;31;CLIENTE 113;111.111.113-33;100.00;1;2014-11-24 16:11:42.373;2016-07-06 07:45:14.660;1;101098
114;8366;1;32;CLIENTE 114;111.111.113-34;100.00;1;2014-11-24 16:11:42.387;2016-07-06 07:45:14.663;1;101100
115;8366;1;33;CLIENTE 115;111.111.113-35;100.00;1;2014-11-24 16:11:42.400;2016-07-06 07:45:14.670;1;132159
116;8366;1;34;CLIENTE 116;111.111.113-36;100.00;1;2014-11-24 16:11:42.410;2016-07-06 07:45:14.677;1;136130
117;8366;1;35;CLIENTE 117;111.111.113-37;50.00;1;2014-11-24 16:11:42.480;2016-07-06 07:45:14.680;1;137604
118;8366;1;35;CLIENTE 118;111.111.113-38;50.00;0;2014-11-24 16:11:42.480;2016-07-06 07:45:14.680;1;137607
119;8366;1;36;CLIENTE 119;111.111.113-39;100.00;1;2014-11-24 16:11:42.493;2016-07-06 07:45:14.687;1;210083
120;8366;1;37;CLIENTE 120;111.111.113-40;100.00;1;2014-11-24 16:11:42.520;2016-07-06 07:45:14.693;1;145191
121;8366;1;38;CLIENTE 121;111.111.113-41;100.00;1;2014-11-24 16:11:42.533;2016-07-06 07:45:14.700;1;244911
122;8366;1;41;CLIENTE 122;111.111.113-42;100.00;1;2014-11-24 16:11:42.543;2016-07-06 07:45:14.703;1;101167
123;8366;1;42;CLIENTE 123;111.111.113-43;100.00;1;2014-11-24 16:11:42.557;2016-07-06 07:45:14.710;1;217275
124;8366;1;43;CLIENTE 124;111.111.113-44;100.00;1;2014-11-24 16:11:42.570;2016-07-06 07:45:14.713;1;159080
125;8366;1;44;CLIENTE 125;111.111.113-45;50.00;1;2014-11-24 16:11:42.580;2016-07-06 07:45:14.720;1;243081
126;8366;1;44;CLIENTE 126;111.111.113-46;50.00;0;2014-11-24 16:11:42.580;2016-07-06 07:45:14.720;1;243157
127;8366;1;45;CLIENTE 127;111.111.113-47;50.00;1;2014-11-24 16:11:42.593;2016-07-06 07:45:14.727;1;105773
128;8366;1;45;CLIENTE 128;111.111.113-48;50.00;0;2014-11-24 16:11:42.597;2016-07-06 07:45:14.727;1;105776
129;8366;1;46;CLIENTE 129;111.111.113-49;100.00;1;2014-11-24 16:11:42.607;2016-07-06 07:45:14.730;1;138883
130;8366;1;47;CLIENTE 130;111.111.113-50;50.00;0;2014-11-24 16:11:42.620;2016-07-06 07:45:14.737;1;232402
131;8366;1;47;CLIENTE 131;111.111.113-51;50.00;1;2014-11-24 16:11:42.620;2016-07-06 07:45:14.737;1;232420
132;8366;1;48;CLIENTE 132;111.111.113-52;100.00;1;2014-11-24 16:11:42.630;2016-07-06 07:45:14.743;1;165078
133;8366;1;51;CLIENTE 133;111.111.113-53;100.00;1;2014-11-24 16:11:42.643;2016-07-06 07:45:14.750;1;133608
134;8366;1;52;CLIENTE 134;111.111.113-54;100.00;1;2014-11-24 16:11:42.657;2016-07-06 07:45:14.757;1;129223
135;8366;1;53;CLIENTE 135;111.111.113-55;100.00;1;2014-11-24 16:11:42.670;2016-07-06 07:45:14.760;1;148460
136;8366;1;54;CLIENTE 136;111.111.113-56;50.00;1;2014-11-24 16:11:42.680;2016-07-06 07:45:14.767;1;148198
137;8366;1;54;CLIENTE 137;111.111.113-57;50.00;0;2014-11-24 16:11:42.680;2016-07-06 07:45:14.767;1;148420
138;8366;1;55;CLIENTE 138;111.111.113-58;100.00;1;2014-11-24 16:11:42.693;2016-07-06 07:45:14.773;1;164831
139;8366;1;56;CLIENTE 139;111.111.113-59;100.00;1;2014-11-24 16:11:42.703;2016-07-06 07:45:14.780;1;152525
140;8366;1;57;CLIENTE 140;111.111.113-60;100.00;1;2014-11-24 16:11:42.717;2016-07-06 07:45:14.783;1;101374
141;8366;1;58;CLIENTE 141;111.111.113-61;100.00;1;2014-11-24 16:11:42.730;2016-07-06 07:45:14.790;1;131574
142;8366;1;61;CLIENTE 142;111.111.113-62;100.00;1;2014-11-24 16:11:42.740;2016-07-06 07:45:14.793;1;121212
143;8366;1;62;CLIENTE 143;111.111.113-63;100.00;1;2014-11-24 16:11:42.753;2016-07-06 07:45:14.800;1;213253
144;8366;1;63;CLIENTE 144;111.111.113-64;100.00;1;2014-11-24 16:11:42.767;2016-07-06 07:45:14.807;1;146889
145;8366;1;64;CLIENTE 145;111.111.113-65;50.00;1;2014-11-24 16:11:42.780;2016-07-06 07:45:14.810;1;150263
146;8366;1;64;CLIENTE 146;111.111.113-66;50.00;0;2014-11-24 16:11:42.780;2016-07-06 07:45:14.813;1;150283
147;8366;1;65;CLIENTE 147;111.111.113-67;100.00;1;2014-11-24 16:11:42.790;2016-07-06 07:45:14.817;1;149794
148;8366;1;66;CLIENTE 148;111.111.113-68;50.00;1;2014-11-24 16:11:42.803;2016-07-06 07:45:14.823;1;142339
149;8366;1;66;CLIENTE 149;111.111.113-69;50.00;0;2014-11-24 16:11:42.803;2016-07-06 07:45:14.823;1;142342
150;8366;1;67;CLIENTE 150;111.111.113-70;100.00;1;2014-11-24 16:11:42.817;2016-07-06 07:45:14.830;1;128821
151;8366;1;68;CLIENTE 151;111.111.113-71;50.00;1;2014-11-24 16:11:42.830;2016-07-06 07:45:14.837;1;121833
152;8366;1;68;CLIENTE 152;111.111.113-72;50.00;0;2014-11-24 16:11:42.830;2016-07-06 07:45:14.837;1;121836
153;8366;1;71;CLIENTE 153;111.111.113-73;100.00;1;2014-11-24 16:11:42.840;2016-07-06 07:45:14.843;1;130589
154;8366;1;72;CLIENTE 154;111.111.113-74;100.00;1;2014-11-24 16:11:42.853;2016-07-06 07:45:14.850;1;122542
155;8366;1;73;CLIENTE 155;111.111.113-75;100.00;1;2014-11-24 16:11:42.863;2016-07-06 07:45:14.853;1;145366
156;8366;1;74;CLIENTE 156;111.111.113-76;50.00;1;2014-11-24 16:11:42.877;2016-07-06 07:45:14.860;1;243111
157;8366;1;74;CLIENTE 157;111.111.113-77;50.00;0;2014-11-24 16:11:42.877;2016-07-06 07:45:14.860;1;243135
158;8366;1;75;CLIENTE 158;111.111.113-78;100.00;1;2014-11-24 16:11:42.890;2016-07-06 07:45:14.867;1;144042
159;8366;1;76;CLIENTE 159;111.111.113-79;100.00;1;2014-11-24 16:11:42.900;2016-07-06 07:45:14.870;1;159297
160;8366;1;77;CLIENTE 160;111.111.113-80;100.00;1;2014-11-24 16:11:42.913;2016-07-06 07:45:14.877;1;120762
161;8366;1;78;CLIENTE 161;111.111.113-81;100.00;1;2014-11-24 16:11:42.927;2016-07-06 07:45:14.883;1;101640
162;8366;1;81;CLIENTE 162;111.111.113-82;100.00;1;2014-11-24 16:11:42.940;2016-07-06 07:45:14.890;1;131032
163;8366;1;82;CLIENTE 163;111.111.113-83;50.00;0;2014-11-24 16:11:42.950;2016-07-06 07:45:14.893;1;121878
164;8366;1;82;CLIENTE 164;111.111.113-84;50.00;1;2014-11-24 16:11:42.950;2016-07-06 07:45:14.893;1;121894
165;8366;1;83;CLIENTE 165;111.111.113-85;100.00;1;2014-11-24 16:11:42.963;2016-07-06 07:45:14.900;1;141900
166;8366;1;84;CLIENTE 166;111.111.113-86;100.00;1;2014-11-24 16:11:42.973;2016-07-06 07:45:14.907;1;140286
167;8366;1;85;CLIENTE 167;111.111.113-87;100.00;1;2014-11-24 16:11:42.987;2016-07-06 07:45:14.913;1;149804
168;8366;1;86;CLIENTE 168;111.111.113-88;100.00;1;2014-11-24 16:11:43.000;2016-07-06 07:45:14.920;1;133606
169;8366;1;87;CLIENTE 169;111.111.113-89;50.00;1;2014-11-24 16:11:43.010;2016-07-06 07:45:14.927;1;120999
170;8366;1;87;CLIENTE 170;111.111.113-90;50.00;0;2014-11-24 16:11:43.010;2016-07-06 07:45:14.927;1;121000
171;8366;1;88;CLIENTE 171;111.111.113-91;100.00;1;2014-11-24 16:11:43.023;2016-07-06 07:45:14.930;1;158582
172;8366;1;91;CLIENTE 172;111.111.113-92;100.00;1;2014-11-24 16:11:43.037;2016-07-06 07:45:14.937;1;136808
173;8366;1;92;CLIENTE 173;111.111.113-93;100.00;1;2014-11-24 16:11:43.050;2016-07-06 07:45:14.943;1;188641
174;8366;1;93;CLIENTE 174;111.111.113-94;100.00;1;2014-11-24 16:11:43.060;2016-07-06 07:45:14.950;1;135370
175;8366;1;94;CLIENTE 175;111.111.113-95;100.00;1;2014-11-24 16:11:43.073;2016-07-06 07:45:14.953;1;148472
176;8366;1;95;CLIENTE 176;111.111.113-96;100.00;1;2014-11-24 16:11:43.083;2016-07-06 07:45:14.960;1;163627
177;8366;1;96;CLIENTE 177;111.111.113-97;50.00;0;2014-11-24 16:11:43.097;2016-07-06 07:45:14.967;1;139210
178;8366;1;96;CLIENTE 178;111.111.113-98;50.00;1;2014-11-24 16:11:43.097;2016-07-06 07:45:14.967;1;139211
179;8366;1;97;CLIENTE 179;111.111.113-99;100.00;1;2014-11-24 16:11:43.110;2016-07-06 07:45:14.970;1;107261
180;8366;1;98;CLIENTE 180;111.111.114-01;100.00;1;2014-11-24 16:11:43.123;2016-07-06 07:45:14.977;1;129318
181;8366;1;101;CLIENTE 181;111.111.114-02;100.00;1;2014-11-24 16:11:43.133;2016-07-06 07:45:14.983;1;103376
182;8366;1;102;CLIENTE 182;111.111.114-03;50.00;0;2014-11-24 16:11:43.147;2016-07-06 07:45:14.990;1;200526
183;8366;1;102;CLIENTE 183;111.111.114-04;50.00;1;2014-11-24 16:11:43.147;2016-07-06 07:45:14.990;1;200530
184;8366;1;103;CLIENTE 184;111.111.114-05;100.00;1;2014-11-24 16:11:43.160;2016-07-06 07:45:14.993;1;137498
185;8366;1;104;CLIENTE 185;111.111.114-06;100.00;1;2014-11-24 16:11:43.170;2016-07-06 07:45:15.000;1;151405
186;8366;1;105;CLIENTE 186;111.111.114-07;100.00;1;2014-11-24 16:11:43.183;2016-07-06 07:45:15.007;1;148251
187;8366;1;106;CLIENTE 187;111.111.114-08;100.00;1;2014-11-24 16:11:43.197;2016-07-06 07:45:15.010;1;103992
188;8366;1;107;CLIENTE 188;111.111.114-09;100.00;1;2014-11-24 16:11:43.207;2016-07-06 07:45:15.017;1;101871
189;8366;1;108;CLIENTE 189;111.111.114-10;100.00;1;2014-11-24 16:11:43.220;2016-07-06 07:45:15.023;1;240895
190;8366;1;111;CLIENTE 190;111.111.114-11;100.00;1;2014-11-24 16:11:43.230;2016-07-06 07:45:15.030;1;160939
191;8366;1;112;CLIENTE 191;111.111.114-12;50.00;0;2014-11-24 16:11:43.243;2016-07-06 07:45:15.033;1;144657
192;8366;1;112;CLIENTE 192;111.111.114-13;50.00;1;2014-11-24 16:11:43.243;2016-07-06 07:45:15.033;1;144785
193;8366;1;113;CLIENTE 193;111.111.114-14;50.00;1;2014-11-24 16:11:43.257;2016-07-06 07:45:15.040;1;138962
194;8366;1;113;CLIENTE 194;111.111.114-15;50.00;0;2014-11-24 16:11:43.257;2016-07-06 07:45:15.040;1;138963
195;8366;1;114;CLIENTE 195;111.111.114-16;50.00;0;2014-11-24 16:11:43.270;2016-07-06 07:45:15.047;1;142334
196;8366;1;114;CLIENTE 196;111.111.114-17;50.00;1;2014-11-24 16:11:43.270;2016-07-06 07:45:15.047;1;142346
197;8366;1;115;CLIENTE 197;111.111.114-18;100.00;1;2014-11-24 16:11:43.283;2016-07-06 07:45:15.050;1;151714
198;8366;1;116;CLIENTE 198;111.111.114-19;100.00;1;2014-11-24 16:11:43.293;2016-07-06 07:45:15.057;1;140125
199;8366;1;117;CLIENTE 199;111.111.114-20;100.00;1;2014-11-24 16:11:43.307;2016-07-06 07:45:15.060;1;243077
200;8366;1;118;CLIENTE 200;111.111.114-21;100.00;1;2014-11-24 16:11:43.320;2016-07-06 07:45:15.067;1;163801
201;8366;1;121;CLIENTE 201;111.111.114-22;100.00;1;2014-11-24 16:11:43.330;2016-07-06 07:45:15.073;1;220374
202;8366;1;122;CLIENTE 202;111.111.114-23;50.00;1;2014-11-24 16:11:43.343;2016-07-06 07:45:15.080;1;103107
203;8366;1;122;CLIENTE 203;111.111.114-24;50.00;0;2014-11-24 16:11:43.343;2016-07-06 07:45:15.080;1;101191
204;8366;1;123;CLIENTE 204;111.111.114-25;100.00;1;2014-11-24 16:11:43.357;2016-07-06 07:45:15.087;1;101112
205;8366;1;124;CLIENTE 205;111.111.114-26;100.00;1;2014-11-24 16:11:43.370;2016-07-06 07:45:15.090;1;153667
206;8366;1;125;CLIENTE 206;111.111.114-27;100.00;1;2014-11-24 16:11:43.380;2016-07-06 07:45:15.097;1;162046
207;8366;1;126;CLIENTE 207;111.111.114-28;100.00;1;2014-11-24 16:11:43.393;2016-07-06 07:45:15.103;1;134935
208;8366;1;127;CLIENTE 208;111.111.114-29;50.00;1;2014-11-24 16:11:43.407;2016-07-06 07:45:15.107;1;102042
209;8366;1;127;CLIENTE 209;111.111.114-30;50.00;0;2014-11-24 16:11:43.407;2016-07-06 07:45:15.107;1;102044
210;8366;1;128;CLIENTE 210;111.111.114-31;50.00;0;2014-11-24 16:11:43.420;2016-07-06 07:45:15.113;1;101230
211;8366;1;128;CLIENTE 211;111.111.114-32;50.00;1;2014-11-24 16:11:43.420;2016-07-06 07:45:15.113;1;101241
212;8366;2;2;CLIENTE 212;111.111.114-33;100.00;1;2014-11-24 16:11:43.430;2016-07-06 07:45:15.120;1;148426
213;8366;2;6;CLIENTE 213;111.111.114-34;100.00;1;2014-11-24 16:11:43.447;2016-07-06 07:45:15.130;1;121250
214;8366;2;7;CLIENTE 214;111.111.114-35;100.00;1;2014-11-24 16:11:43.460;2016-07-06 07:45:15.137;1;164533
215;8366;2;11;CLIENTE 215;111.111.114-36;100.00;1;2014-11-24 16:11:43.470;2016-07-06 07:45:15.140;1;148438
216;8366;2;12;CLIENTE 216;111.111.114-37;100.00;1;2014-11-24 16:11:43.483;2016-07-06 07:45:15.147;1;155916
217;8366;2;13;CLIENTE 217;111.111.114-38;100.00;1;2014-11-24 16:11:43.497;2016-07-06 07:45:15.153;1;157476
218;8366;2;14;CLIENTE 218;111.111.114-39;100.00;1;2014-11-24 16:11:43.507;2016-07-06 07:45:15.157;1;156016
219;8366;2;15;CLIENTE 219;111.111.114-40;100.00;1;2014-11-24 16:11:43.517;2016-07-06 07:45:15.163;1;156128
220;8366;2;16;CLIENTE 220;111.111.114-41;100.00;1;2014-11-24 16:11:43.530;2016-07-06 07:45:15.170;1;155456
221;8366;2;17;CLIENTE 221;111.111.114-42;100.00;1;2014-11-24 16:11:43.540;2016-07-06 07:45:15.173;1;141023
222;8366;2;18;CLIENTE 222;111.111.114-43;50.00;1;2014-11-24 16:11:43.553;2016-07-06 07:45:15.180;1;142798
223;8366;2;18;CLIENTE 223;111.111.114-44;50.00;0;2014-11-24 16:11:43.553;2016-07-06 07:45:15.180;1;142801
224;8366;2;21;CLIENTE 224;111.111.114-45;50.00;1;2014-11-24 16:11:43.567;2016-07-06 07:45:15.187;1;244579
225;8366;2;21;CLIENTE 225;111.111.114-46;50.00;0;2014-11-24 16:11:43.567;2016-07-06 07:45:15.187;1;244583
226;8366;2;22;CLIENTE 226;111.111.114-47;100.00;1;2014-11-24 16:11:43.580;2016-07-06 07:45:15.190;1;138186
227;8366;2;23;CLIENTE 227;111.111.114-48;100.00;1;2014-11-24 16:11:43.597;2016-07-06 07:45:15.197;1;244905
228;8366;2;24;CLIENTE 228;111.111.114-49;100.00;1;2014-11-24 16:11:43.613;2016-07-06 07:45:15.203;1;142493
229;8366;2;25;CLIENTE 229;111.111.114-50;100.00;1;2014-11-24 16:11:43.630;2016-07-06 07:45:15.207;1;142495
230;8366;2;26;CLIENTE 230;111.111.114-51;100.00;1;2014-11-24 16:11:43.640;2016-07-06 07:45:15.213;1;161714
231;8366;2;27;CLIENTE 231;111.111.114-52;50.00;1;2014-11-24 16:11:43.653;2016-07-06 07:45:15.220;1;133763
232;8366;2;27;CLIENTE 232;111.111.114-53;50.00;0;2014-11-24 16:11:43.657;2016-07-06 07:45:15.220;1;133764
233;8366;2;28;CLIENTE 233;111.111.114-54;50.00;1;2014-11-24 16:11:43.670;2016-07-06 07:45:15.230;1;120612
234;8366;2;28;CLIENTE 234;111.111.114-55;50.00;0;2014-11-24 16:11:43.670;2016-07-06 07:45:15.230;1;120618
235;8366;2;31;CLIENTE 235;111.111.114-56;100.00;1;2014-11-24 16:11:43.687;2016-07-06 07:45:15.237;1;111808
236;8366;2;32;CLIENTE 236;111.111.114-57;100.00;1;2014-11-24 16:11:43.700;2016-07-06 07:45:15.240;1;107516
237;8366;2;33;CLIENTE 237;111.111.114-58;50.00;0;2014-11-24 16:11:43.717;2016-07-06 07:45:15.247;1;115889
238;8366;2;33;CLIENTE 238;111.111.114-59;50.00;1;2014-11-24 16:11:43.717;2016-07-06 07:45:15.247;1;115890
239;8366;2;34;CLIENTE 239;111.111.114-60;100.00;1;2014-11-24 16:11:43.727;2016-07-06 07:45:15.250;1;143984
240;8366;2;35;CLIENTE 240;111.111.114-61;100.00;1;2014-11-24 16:11:43.740;2016-07-06 07:45:15.257;1;142043
241;8366;2;36;CLIENTE 241;111.111.114-62;100.00;1;2014-11-24 16:11:43.753;2016-07-06 07:45:15.263;1;108212
242;8366;2;37;CLIENTE 242;111.111.114-63;100.00;1;2014-11-24 16:11:43.763;2016-07-06 07:45:15.267;1;107323
243;8366;2;38;CLIENTE 243;111.111.114-64;100.00;1;2014-11-24 16:11:43.777;2016-07-06 07:45:15.273;1;163802
244;8366;2;41;CLIENTE 244;111.111.114-65;100.00;1;2014-11-24 16:11:43.790;2016-07-06 07:45:15.280;1;105135
245;8366;2;42;CLIENTE 245;111.111.114-66;100.00;1;2014-11-24 16:11:43.800;2016-07-06 07:45:15.283;1;106874
246;8366;2;43;CLIENTE 246;111.111.114-67;100.00;1;2014-11-24 16:11:43.813;2016-07-06 07:45:15.290;1;143988
247;8366;2;44;CLIENTE 247;111.111.114-68;50.00;0;2014-11-24 16:11:43.827;2016-07-06 07:45:15.297;1;138268
248;8366;2;44;CLIENTE 248;111.111.114-69;50.00;1;2014-11-24 16:11:43.827;2016-07-06 07:45:15.297;1;137618
249;8366;2;45;CLIENTE 249;111.111.114-70;100.00;1;2014-11-24 16:11:43.840;2016-07-06 07:45:15.300;1;244914
250;8366;2;46;CLIENTE 250;111.111.114-71;100.00;1;2014-11-24 16:11:43.850;2016-07-06 07:45:15.307;1;144132
251;8366;2;47;CLIENTE 251;111.111.114-72;100.00;1;2014-11-24 16:11:43.863;2016-07-06 07:45:15.313;1;144999
252;8366;2;48;CLIENTE 252;111.111.114-73;100.00;1;2014-11-24 16:11:43.873;2016-07-06 07:45:15.320;1;109921
253;8366;2;51;CLIENTE 253;111.111.114-74;100.00;1;2014-11-24 16:11:43.887;2016-07-06 07:45:15.323;1;139758
254;8366;2;52;CLIENTE 254;111.111.114-75;100.00;1;2014-11-24 16:11:43.900;2016-07-06 07:45:15.330;1;113313
255;8366;2;53;CLIENTE 255;111.111.114-76;100.00;1;2014-11-24 16:11:43.910;2016-07-06 07:45:15.337;1;148509
256;8366;2;54;CLIENTE 256;111.111.114-77;50.00;0;2014-11-24 16:11:43.927;2016-07-06 07:45:15.340;1;152995
257;8366;2;54;CLIENTE 257;111.111.114-78;50.00;1;2014-11-24 16:11:43.927;2016-07-06 07:45:15.340;1;153063
258;8366;2;55;CLIENTE 258;111.111.114-79;100.00;1;2014-11-24 16:11:43.940;2016-07-06 07:45:15.347;1;146888
259;8366;2;56;CLIENTE 259;111.111.114-80;100.00;1;2014-11-24 16:11:43.953;2016-07-06 07:45:15.353;1;128923
260;8366;2;57;CLIENTE 260;111.111.114-81;50.00;1;2014-11-24 16:11:43.967;2016-07-06 07:45:15.357;1;137494
261;8366;2;57;CLIENTE 261;111.111.114-82;50.00;0;2014-11-24 16:11:43.967;2016-07-06 07:45:15.357;1;137495
262;8366;2;58;CLIENTE 262;111.111.114-83;100.00;1;2014-11-24 16:11:43.980;2016-07-06 07:45:15.363;1;137079
263;8366;2;61;CLIENTE 263;111.111.114-84;100.00;1;2014-11-24 16:11:43.993;2016-07-06 07:45:15.370;1;143165
264;8366;2;62;CLIENTE 264;111.111.114-85;100.00;1;2014-11-24 16:11:44.007;2016-07-06 07:45:15.373;1;142499
265;8366;2;63;CLIENTE 265;111.111.114-86;100.00;1;2014-11-24 16:11:44.020;2016-07-06 07:45:15.380;1;144023
266;8366;2;64;CLIENTE 266;111.111.114-87;100.00;1;2014-11-24 16:11:44.030;2016-07-06 07:45:15.387;1;150338
267;8366;2;65;CLIENTE 267;111.111.114-88;100.00;1;2014-11-24 16:11:44.043;2016-07-06 07:45:15.390;1;149624
268;8366;2;66;CLIENTE 268;111.111.114-89;100.00;1;2014-11-24 16:11:44.057;2016-07-06 07:45:15.397;1;132076
269;8366;2;67;CLIENTE 269;111.111.114-90;100.00;1;2014-11-24 16:11:44.070;2016-07-06 07:45:15.400;1;129199
270;8366;2;68;CLIENTE 270;111.111.114-91;100.00;1;2014-11-24 16:11:44.080;2016-07-06 07:45:15.407;1;134406
271;8366;2;71;CLIENTE 271;111.111.114-92;100.00;1;2014-11-24 16:11:44.093;2016-07-06 07:45:15.413;1;163628
272;8366;2;72;CLIENTE 272;111.111.114-93;100.00;1;2014-11-24 16:11:44.103;2016-07-06 07:45:15.420;1;143796
273;8366;2;73;CLIENTE 273;111.111.114-94;50.00;0;2014-11-24 16:11:44.117;2016-07-06 07:45:15.423;1;243668
274;8366;2;73;CLIENTE 274;111.111.114-95;50.00;1;2014-11-24 16:11:44.120;2016-07-06 07:45:15.423;1;243701
275;8366;2;74;CLIENTE 275;111.111.114-96;100.00;1;2014-11-24 16:11:44.130;2016-07-06 07:45:15.430;1;148062
276;8366;2;75;CLIENTE 276;111.111.114-97;50.00;1;2014-11-24 16:11:44.140;2016-07-06 07:45:15.433;1;140398
277;8366;2;75;CLIENTE 277;111.111.114-98;50.00;0;2014-11-24 16:11:44.143;2016-07-06 07:45:15.437;1;140405
278;8366;2;76;CLIENTE 278;111.111.114-99;100.00;1;2014-11-24 16:11:44.153;2016-07-06 07:45:15.440;1;131910
279;8366;2;77;CLIENTE 279;111.111.115-01;100.00;1;2014-11-24 16:11:44.167;2016-07-06 07:45:15.447;1;129469
280;8366;2;78;CLIENTE 280;111.111.115-02;100.00;1;2014-11-24 16:11:44.177;2016-07-06 07:45:15.453;1;136248
281;8366;2;81;CLIENTE 281;111.111.115-03;100.00;1;2014-11-24 16:11:44.190;2016-07-06 07:45:15.457;1;144724
282;8366;2;82;CLIENTE 282;111.111.115-04;100.00;1;2014-11-24 16:11:44.203;2016-07-06 07:45:15.463;1;148080
283;8366;2;83;CLIENTE 283;111.111.115-05;100.00;1;2014-11-24 16:11:44.213;2016-07-06 07:45:15.470;1;137656
284;8366;2;84;CLIENTE 284;111.111.115-06;100.00;1;2014-11-24 16:11:44.230;2016-07-06 07:45:15.473;1;250859
285;8366;2;85;CLIENTE 285;111.111.115-07;100.00;1;2014-11-24 16:11:44.247;2016-07-06 07:45:15.480;1;138110
286;8366;2;86;CLIENTE 286;111.111.115-08;50.00;0;2014-11-24 16:11:44.260;2016-07-06 07:45:15.487;1;131007
287;8366;2;86;CLIENTE 287;111.111.115-09;50.00;1;2014-11-24 16:11:44.260;2016-07-06 07:45:15.487;1;131008
288;8366;2;87;CLIENTE 288;111.111.115-10;100.00;1;2014-11-24 16:11:44.277;2016-07-06 07:45:15.490;1;131707
289;8366;2;88;CLIENTE 289;111.111.115-11;100.00;1;2014-11-24 16:11:44.290;2016-07-06 07:45:15.497;1;144714
290;8366;2;91;CLIENTE 290;111.111.115-12;100.00;1;2014-11-24 16:11:44.300;2016-07-06 07:45:15.503;1;162277
291;8366;2;92;CLIENTE 291;111.111.115-13;100.00;1;2014-11-24 16:11:44.313;2016-07-06 07:45:15.510;1;161880
292;8366;2;93;CLIENTE 292;111.111.115-14;100.00;1;2014-11-24 16:11:44.327;2016-07-06 07:45:15.513;1;147312
293;8366;2;94;CLIENTE 293;111.111.115-15;50.00;1;2014-11-24 16:11:44.340;2016-07-06 07:45:15.520;1;144171
294;8366;2;94;CLIENTE 294;111.111.115-16;50.00;0;2014-11-24 16:11:44.340;2016-07-06 07:45:15.520;1;144173
295;8366;2;95;CLIENTE 295;111.111.115-17;100.00;1;2014-11-24 16:11:44.350;2016-07-06 07:45:15.527;1;162040
296;8366;2;96;CLIENTE 296;111.111.115-18;100.00;1;2014-11-24 16:11:44.363;2016-07-06 07:45:15.530;1;130364
297;8366;2;97;CLIENTE 297;111.111.115-19;100.00;1;2014-11-24 16:11:44.377;2021-05-24 01:00:24.623;1;130072
298;8366;2;98;CLIENTE 298;111.111.115-20;100.00;1;2014-11-24 16:11:44.390;2016-07-06 07:45:15.543;1;131511
299;8366;2;101;CLIENTE 299;111.111.115-21;100.00;1;2014-11-24 16:11:44.400;2016-07-06 07:45:15.550;1;142491
300;8366;2;102;CLIENTE 300;111.111.115-22;100.00;1;2014-11-24 16:11:44.413;2016-07-06 07:45:15.557;1;131619
301;8366;2;103;CLIENTE 301;111.111.115-23;100.00;1;2014-11-24 16:11:44.427;2016-07-06 07:45:15.560;1;138574
302;8366;2;104;CLIENTE 302;111.111.115-24;100.00;1;2014-11-24 16:11:44.447;2016-07-06 07:45:15.567;1;139223
303;8366;2;105;CLIENTE 303;111.111.115-25;100.00;1;2014-11-24 16:11:44.460;2016-07-06 07:45:15.570;1;198580
304;8366;2;106;CLIENTE 304;111.111.115-26;50.00;1;2014-11-24 16:11:44.477;2016-07-06 07:45:15.577;1;129321
305;8366;2;106;CLIENTE 305;111.111.115-27;50.00;0;2014-11-24 16:11:44.480;2016-07-06 07:45:15.577;1;129322
306;8366;2;107;CLIENTE 306;111.111.115-28;100.00;1;2014-11-24 16:11:44.493;2016-07-06 07:45:15.583;1;252867
307;8366;2;108;CLIENTE 307;111.111.115-29;50.00;0;2014-11-24 16:11:44.510;2016-07-06 07:45:15.590;1;131116
308;8366;2;108;CLIENTE 308;111.111.115-30;50.00;1;2014-11-24 16:11:44.510;2016-07-06 07:45:15.590;1;131120
309;8366;2;111;CLIENTE 309;111.111.115-31;100.00;1;2014-11-24 16:11:44.520;2016-07-06 07:45:15.593;1;144583
310;8366;2;112;CLIENTE 310;111.111.115-32;100.00;1;2014-11-24 16:11:44.530;2016-07-06 07:45:15.600;1;131351
311;8366;2;113;CLIENTE 311;111.111.115-33;100.00;1;2014-11-24 16:11:44.543;2016-07-06 07:45:15.607;1;111982
312;8366;2;114;CLIENTE 312;111.111.115-34;50.00;0;2014-11-24 16:11:44.557;2016-07-06 07:45:15.610;1;139274
313;8366;2;114;CLIENTE 313;111.111.115-35;50.00;1;2014-11-24 16:11:44.557;2016-07-06 07:45:15.610;1;139275
314;8366;2;115;CLIENTE 314;111.111.115-36;100.00;1;2014-11-24 16:11:44.570;2016-07-06 07:45:15.617;1;161050
315;8366;2;116;CLIENTE 315;111.111.115-37;50.00;1;2014-11-24 16:11:44.583;2016-07-06 07:45:15.620;1;144012
316;8366;2;116;CLIENTE 316;111.111.115-38;50.00;0;2014-11-24 16:11:44.583;2016-07-06 07:45:15.620;1;144036
317;8366;2;117;CLIENTE 317;111.111.115-39;100.00;1;2014-11-24 16:11:44.597;2016-07-06 07:45:15.627;1;104504
318;8366;2;118;CLIENTE 318;111.111.115-40;100.00;1;2014-11-24 16:11:44.610;2016-07-06 07:45:15.633;1;120617
319;8366;2;121;CLIENTE 319;111.111.115-41;100.00;1;2014-11-24 16:11:44.620;2016-07-06 07:45:15.640;1;197788
320;8366;2;122;CLIENTE 320;111.111.115-42;100.00;1;2014-11-24 16:11:44.633;2016-07-06 07:45:15.643;1;131092
321;8366;2;123;CLIENTE 321;111.111.115-43;100.00;1;2014-11-24 16:11:44.647;2016-07-06 07:45:15.650;1;129802
322;8366;2;124;CLIENTE 322;111.111.115-44;100.00;1;2014-11-24 16:11:44.657;2016-07-06 07:45:15.657;1;158331
323;8366;2;125;CLIENTE 323;111.111.115-45;100.00;1;2014-11-24 16:11:44.670;2016-07-06 07:45:15.660;1;137407
324;8366;2;126;CLIENTE 324;111.111.115-46;100.00;1;2014-11-24 16:11:44.680;2016-07-06 07:45:15.667;1;243623
325;8366;2;127;CLIENTE 325;111.111.115-47;100.00;1;2014-11-24 16:11:44.693;2016-07-06 07:45:15.673;1;102921
326;8366;2;128;CLIENTE 326;111.111.115-48;50.00;1;2014-11-24 16:11:44.707;2016-07-06 07:45:15.680;1;117246
327;8366;2;128;CLIENTE 327;111.111.115-49;50.00;0;2014-11-24 16:11:44.707;2016-07-06 07:45:15.680;1;117249
328;6;3;32;CLIENTE 328;111.111.115-50;50.00;1;2014-11-24 17:40:00.213;2014-11-24 17:40:00.213;1;152763
329;6;3;32;CLIENTE 329;111.111.115-51;50.00;0;2014-11-24 17:40:00.213;2014-11-24 17:40:00.213;1;152767
330;6;3;241;CLIENTE 330;111.111.115-52;50.00;1;2014-11-24 17:40:00.223;2014-11-24 17:40:00.223;1;137397
331;6;3;241;CLIENTE 331;111.111.115-53;50.00;0;2014-11-24 17:40:00.223;2014-11-24 17:40:00.223;1;137400
332;2421;1;41;CLIENTE 332;111.111.115-54;50.00;1;2014-11-24 17:40:00.230;2014-11-24 17:40:00.230;1;5787
333;2421;1;41;CLIENTE 333;111.111.115-55;50.00;0;2014-11-24 17:40:00.230;2014-11-24 17:40:00.230;1;112242
334;1453;99;1;CLIENTE 334;111.111.115-56;100.00;1;2014-11-24 17:40:00.237;2016-07-29 02:45:00.460;1;103056
335;7039;1;1010;CLIENTE 335;111.111.115-57;100.00;1;2014-11-24 17:40:01.023;2014-11-24 17:40:01.023;1;204315
336;7039;1;1202;CLIENTE 336;111.111.115-58;100.00;1;2014-11-24 17:40:01.110;2014-11-24 17:40:01.110;1;7403
337;7039;1;1212;CLIENTE 337;111.111.115-59;100.00;1;2014-11-24 17:40:01.163;2019-10-15 01:00:21.410;1;24570
338;7039;1;1307;CLIENTE 338;111.111.115-60;100.00;1;2014-11-24 17:40:01.493;2014-11-24 17:40:01.493;1;24196
339;7039;1;1412;CLIENTE 339;111.111.115-61;100.00;1;2014-11-24 17:40:01.573;2014-11-24 17:40:01.573;1;31570
340;8494;1;1;CLIENTE 340;111.111.115-62;100.00;1;2014-11-24 17:40:03.683;2016-07-06 07:45:08.050;1;40222
341;8494;1;3;CLIENTE 341;111.111.115-63;100.00;1;2014-11-24 17:40:03.690;2016-07-06 07:45:08.057;1;24708
342;8494;1;4;CLIENTE 342;111.111.115-64;50.00;1;2014-11-24 17:40:03.700;2016-07-06 07:45:08.063;1;94518
343;8494;1;4;CLIENTE 343;111.111.115-65;50.00;0;2014-11-24 17:40:03.700;2016-07-06 07:45:08.063;1;94519
344;8494;1;6;CLIENTE 344;111.111.115-66;100.00;1;2014-11-24 17:40:03.707;2016-07-06 07:45:08.073;1;13230
345;8494;1;11;CLIENTE 345;111.111.115-67;50.00;1;2014-11-24 17:40:03.717;2016-07-06 07:45:08.080;1;65368
346;8494;1;11;CLIENTE 346;111.111.115-68;50.00;0;2014-11-24 17:40:03.717;2016-07-06 07:45:08.080;1;65847
347;8494;1;12;CLIENTE 347;111.111.115-69;100.00;1;2014-11-24 17:40:03.723;2016-07-06 07:45:08.087;1;70600
348;8494;1;13;CLIENTE 348;111.111.115-70;50.00;0;2014-11-24 17:40:03.733;2016-07-06 07:45:08.093;1;95080
349;8494;1;13;CLIENTE 349;111.111.115-71;50.00;1;2014-11-24 17:40:03.733;2016-07-06 07:45:08.093;1;95085
350;8494;1;14;CLIENTE 350;111.111.115-72;100.00;1;2014-11-24 17:40:03.743;2016-07-06 07:45:08.103;1;98822
351;8494;1;15;CLIENTE 351;111.111.115-73;100.00;1;2014-11-24 17:40:03.753;2016-07-06 07:45:08.110;1;83145
352;8494;1;16;CLIENTE 352;111.111.115-74;100.00;1;2014-11-24 17:40:03.763;2016-07-06 07:45:08.117;1;114070
353;8494;1;21;CLIENTE 353;111.111.115-75;100.00;1;2014-11-24 17:40:03.773;2016-07-06 07:45:08.123;1;94398
354;8494;1;22;CLIENTE 354;111.111.115-76;100.00;1;2014-11-24 17:40:03.783;2016-07-06 07:45:08.133;1;109493
355;8494;1;23;CLIENTE 355;111.111.115-77;100.00;1;2014-11-24 17:40:03.790;2016-07-06 07:45:08.140;1;12419
356;8494;1;24;CLIENTE 356;111.111.115-78;100.00;1;2014-11-24 17:40:03.800;2016-07-06 07:45:08.150;1;74637
357;8494;1;25;CLIENTE 357;111.111.115-79;100.00;1;2014-11-24 17:40:03.807;2016-07-06 07:45:08.157;1;26415
358;8494;1;26;CLIENTE 358;111.111.115-80;100.00;1;2014-11-24 17:40:03.817;2016-07-06 07:45:08.163;1;11713
359;8494;1;31;CLIENTE 359;111.111.115-81;50.00;0;2014-11-24 17:40:03.827;2016-07-06 07:45:08.173;1;93363
360;8494;1;31;CLIENTE 360;111.111.115-82;50.00;1;2014-11-24 17:40:03.827;2016-07-06 07:45:08.173;1;93364
361;8494;1;32;CLIENTE 361;111.111.115-83;100.00;1;2014-11-24 17:40:03.837;2016-07-06 07:45:08.180;1;109393
362;8494;1;33;CLIENTE 362;111.111.115-84;100.00;1;2014-11-24 17:40:03.843;2016-07-06 07:45:08.190;1;24473
363;8494;1;34;CLIENTE 363;111.111.115-85;50.00;1;2014-11-24 17:40:03.853;2016-07-06 07:45:08.197;1;97741
364;8494;1;34;CLIENTE 364;111.111.115-86;50.00;0;2014-11-24 17:40:03.853;2016-07-06 07:45:08.197;1;97746
365;8494;1;35;CLIENTE 365;111.111.115-87;100.00;1;2014-11-24 17:40:03.860;2016-07-06 07:45:08.207;1;90927
366;8494;1;36;CLIENTE 366;111.111.115-88;100.00;1;2014-11-24 17:40:03.870;2016-07-06 07:45:08.213;1;116064
367;8494;1;41;CLIENTE 367;111.111.115-89;50.00;1;2014-11-24 17:40:03.877;2016-07-06 07:45:08.223;1;81234
368;8494;1;41;CLIENTE 368;111.111.115-90;50.00;0;2014-11-24 17:40:03.877;2016-07-06 07:45:08.223;1;81237
369;8494;1;42;CLIENTE 369;111.111.115-91;100.00;1;2014-11-24 17:40:03.883;2016-07-06 07:45:08.230;1;29948
370;8494;1;43;CLIENTE 370;111.111.115-92;50.00;1;2014-11-24 17:40:03.893;2016-07-06 07:45:08.243;1;48182
371;8494;1;43;CLIENTE 371;111.111.115-93;50.00;0;2014-11-24 17:40:03.893;2016-07-06 07:45:08.243;1;48185
372;8494;1;44;CLIENTE 372;111.111.115-94;100.00;1;2014-11-24 17:40:03.900;2016-07-06 07:45:08.253;1;112057
373;8494;1;45;CLIENTE 373;111.111.115-95;100.00;1;2014-11-24 17:40:03.910;2016-07-06 07:45:08.260;1;113638
374;8494;1;46;CLIENTE 374;111.111.115-96;30.00;0;2014-11-24 17:40:03.917;2016-07-06 07:45:08.270;1;115998
375;8494;1;46;CLIENTE 375;111.111.115-97;40.00;0;2014-11-24 17:40:03.917;2016-07-06 07:45:08.270;1;96430
376;8494;1;46;CLIENTE 376;111.111.115-98;30.00;1;2014-11-24 17:40:03.920;2016-07-06 07:45:08.270;1;116095
377;8494;1;51;CLIENTE 377;111.111.115-99;100.00;1;2014-11-24 17:40:03.927;2016-07-06 07:45:08.277;1;31241
378;8494;1;52;CLIENTE 378;111.111.116-01;100.00;1;2014-11-24 17:40:03.933;2016-07-06 07:45:08.287;1;112208
379;8494;1;53;CLIENTE 379;111.111.116-02;50.00;0;2014-11-24 17:40:03.940;2016-07-06 07:45:08.293;1;95662
380;8494;1;53;CLIENTE 380;111.111.116-03;50.00;1;2014-11-24 17:40:03.943;2016-07-06 07:45:08.293;1;95663
381;8494;1;54;CLIENTE 381;111.111.116-04;100.00;1;2014-11-24 17:40:03.950;2016-07-06 07:45:08.300;1;95741
382;8494;1;55;CLIENTE 382;111.111.116-05;100.00;1;2014-11-24 17:40:03.957;2016-07-06 07:45:08.310;1;79838
383;8494;1;56;CLIENTE 383;111.111.116-06;50.00;0;2014-11-24 17:40:03.963;2016-07-06 07:45:08.317;1;97041
384;8494;1;56;CLIENTE 384;111.111.116-07;50.00;1;2014-11-24 17:40:03.963;2016-07-06 07:45:08.317;1;97042
385;8494;1;61;CLIENTE 385;111.111.116-08;50.00;1;2014-11-24 17:40:03.970;2016-07-06 07:45:08.327;1;94580
386;8494;1;61;CLIENTE 386;111.111.116-09;50.00;0;2014-11-24 17:40:03.970;2016-07-06 07:45:08.327;1;94593
387;8494;1;62;CLIENTE 387;111.111.116-10;100.00;1;2014-11-24 17:40:03.980;2016-07-06 07:45:08.333;1;12466
388;8494;1;63;CLIENTE 388;111.111.116-11;100.00;1;2014-11-24 17:40:03.987;2016-07-06 07:45:08.343;1;12466
389;8494;1;64;CLIENTE 389;111.111.116-12;50.00;0;2014-11-24 17:40:03.993;2016-07-06 07:45:08.350;1;96039
390;8494;1;64;CLIENTE 390;111.111.116-13;50.00;1;2014-11-24 17:40:03.993;2016-07-06 07:45:08.350;1;96040
391;8494;1;65;CLIENTE 391;111.111.116-14;100.00;1;2014-11-24 17:40:04.000;2016-07-06 07:45:08.360;1;45104
392;8494;1;66;CLIENTE 392;111.111.116-15;50.00;0;2014-11-24 17:40:04.007;2016-07-06 07:45:08.367;1;97808
393;8494;1;66;CLIENTE 393;111.111.116-16;50.00;1;2014-11-24 17:40:04.007;2016-07-06 07:45:08.367;1;97809
394;8494;1;71;CLIENTE 394;111.111.116-17;100.00;1;2014-11-24 17:40:04.013;2016-07-06 07:45:08.377;1;54309
395;8494;1;72;CLIENTE 395;111.111.116-18;100.00;1;2014-11-24 17:40:04.020;2016-07-06 07:45:08.383;1;21690
396;8494;1;73;CLIENTE 396;111.111.116-19;100.00;1;2014-11-24 17:40:04.027;2016-07-06 07:45:08.390;1;26237
397;8494;1;74;CLIENTE 397;111.111.116-20;50.00;1;2014-11-24 17:40:04.033;2016-07-06 07:45:08.400;1;111965
398;8494;1;74;CLIENTE 398;111.111.116-21;50.00;0;2014-11-24 17:40:04.033;2016-07-06 07:45:08.400;1;111988
399;8494;1;75;CLIENTE 399;111.111.116-22;50.00;1;2014-11-24 17:40:04.040;2016-07-06 07:45:08.407;1;48608
400;8494;1;75;CLIENTE 400;111.111.116-23;50.00;0;2014-11-24 17:40:04.043;2016-07-06 07:45:08.407;1;48709
401;8494;1;76;CLIENTE 401;111.111.116-24;50.00;1;2014-11-24 17:40:04.050;2016-07-06 07:45:08.417;1;112334
402;8494;1;76;CLIENTE 402;111.111.116-25;50.00;0;2014-11-24 17:40:04.050;2016-07-06 07:45:08.417;1;112335
403;8494;2;1;CLIENTE 403;111.111.116-26;50.00;0;2014-11-24 17:40:04.063;2016-07-06 07:45:08.423;1;81614
404;8494;2;1;CLIENTE 404;111.111.116-27;50.00;1;2014-11-24 17:40:04.063;2016-07-06 07:45:08.423;1;81622
405;8494;2;3;CLIENTE 405;111.111.116-28;50.00;1;2014-11-24 17:40:04.070;2016-07-06 07:45:08.433;1;103233
406;8494;2;3;CLIENTE 406;111.111.116-29;50.00;0;2014-11-24 17:40:04.070;2016-07-06 07:45:08.433;1;103234
407;8494;2;4;CLIENTE 407;111.111.116-30;50.00;1;2014-11-24 17:40:04.080;2016-07-06 07:45:08.440;1;93457
408;8494;2;4;CLIENTE 408;111.111.116-31;50.00;0;2014-11-24 17:40:04.080;2016-07-06 07:45:08.440;1;93459
409;8494;2;6;CLIENTE 409;111.111.116-32;50.00;1;2014-11-24 17:40:04.090;2016-07-06 07:45:08.447;1;94898
410;8494;2;6;CLIENTE 410;111.111.116-33;50.00;0;2014-11-24 17:40:04.090;2016-07-06 07:45:08.447;1;94899
411;8494;2;11;CLIENTE 411;111.111.116-34;100.00;1;2014-11-24 17:40:04.100;2016-07-06 07:45:08.453;1;96157
412;8494;2;12;CLIENTE 412;111.111.116-35;100.00;1;2014-11-24 17:40:04.110;2016-07-06 07:45:08.463;1;45230
413;8494;2;13;CLIENTE 413;111.111.116-36;50.00;0;2014-11-24 17:40:04.117;2016-07-06 07:45:08.470;1;113624
414;8494;2;13;CLIENTE 414;111.111.116-37;50.00;1;2014-11-24 17:40:04.117;2016-07-06 07:45:08.470;1;113631
415;8494;2;14;CLIENTE 415;111.111.116-38;50.00;1;2014-11-24 17:40:04.127;2016-07-06 07:45:08.477;1;99423
416;8494;2;14;CLIENTE 416;111.111.116-39;50.00;0;2014-11-24 17:40:04.127;2016-07-06 07:45:08.477;1;99434
417;8494;2;15;CLIENTE 417;111.111.116-40;100.00;1;2014-11-24 17:40:04.137;2016-07-06 07:45:08.483;1;17885
418;8494;2;16;CLIENTE 418;111.111.116-41;100.00;1;2014-11-24 17:40:04.147;2016-07-06 07:45:08.490;1;98647
419;8494;2;21;CLIENTE 419;111.111.116-42;100.00;1;2014-11-24 17:40:04.157;2016-07-06 07:45:08.497;1;66147
420;8494;2;22;CLIENTE 420;111.111.116-43;100.00;1;2014-11-24 17:40:04.167;2016-07-06 07:45:08.503;1;25513
421;8494;2;23;CLIENTE 421;111.111.116-44;100.00;1;2014-11-24 17:40:04.173;2016-07-06 07:45:08.510;1;97543
422;8494;2;24;CLIENTE 422;111.111.116-45;50.00;1;2014-11-24 17:40:04.183;2016-07-06 07:45:08.520;1;99541
423;8494;2;24;CLIENTE 423;111.111.116-46;50.00;0;2014-11-24 17:40:04.187;2016-07-06 07:45:08.520;1;99554
424;8494;2;25;CLIENTE 424;111.111.116-47;100.00;1;2014-11-24 17:40:04.193;2016-07-06 07:45:08.527;1;20394
425;8494;2;26;CLIENTE 425;111.111.116-48;50.00;0;2014-11-24 17:40:04.200;2016-07-06 07:45:08.533;1;97924
426;8494;2;26;CLIENTE 426;111.111.116-49;50.00;1;2014-11-24 17:40:04.200;2016-07-06 07:45:08.533;1;97929
427;8494;2;31;CLIENTE 427;111.111.116-50;100.00;1;2014-11-24 17:40:04.210;2016-07-06 07:45:08.540;1;97420
428;8494;2;32;CLIENTE 428;111.111.116-51;100.00;1;2014-11-24 17:40:04.220;2016-07-06 07:45:08.547;1;18859
429;8494;2;33;CLIENTE 429;111.111.116-52;100.00;1;2014-11-24 17:40:04.230;2016-07-06 07:45:08.553;1;111650
430;8494;2;34;CLIENTE 430;111.111.116-53;100.00;1;2014-11-24 17:40:04.237;2016-07-06 07:45:08.560;1;111975
431;8494;2;35;CLIENTE 431;111.111.116-54;100.00;1;2014-11-24 17:40:04.247;2016-07-06 07:45:08.567;1;116247
432;8494;2;36;CLIENTE 432;111.111.116-55;100.00;1;2014-11-24 17:40:04.253;2016-07-06 07:45:08.573;1;111857
433;8494;2;41;CLIENTE 433;111.111.116-56;100.00;1;2014-11-24 17:40:04.263;2016-07-06 07:45:08.580;1;112262
434;8494;2;42;CLIENTE 434;111.111.116-57;100.00;1;2014-11-24 17:40:04.273;2016-07-06 07:45:08.590;1;63418
435;8494;2;43;CLIENTE 435;111.111.116-58;100.00;1;2014-11-24 17:40:04.280;2016-07-06 07:45:08.597;1;113259
436;8494;2;44;CLIENTE 436;111.111.116-59;100.00;1;2014-11-24 17:40:04.290;2016-07-06 07:45:08.600;1;115722
437;8494;2;45;CLIENTE 437;111.111.116-60;100.00;1;2014-11-24 17:40:04.297;2016-07-06 07:45:08.610;1;109324
438;8494;2;46;CLIENTE 438;111.111.116-61;100.00;1;2014-11-24 17:40:04.303;2016-07-06 07:45:08.617;1;21413
439;8494;2;51;CLIENTE 439;111.111.116-62;100.00;1;2014-11-24 17:40:04.313;2016-07-06 07:45:08.623;1;64774
440;8494;2;52;CLIENTE 440;111.111.116-63;100.00;1;2014-11-24 17:40:04.320;2016-07-06 07:45:08.630;1;81652
441;8494;2;53;CLIENTE 441;111.111.116-64;50.00;1;2014-11-24 17:40:04.330;2016-07-06 07:45:08.637;1;113585
442;8494;2;53;CLIENTE 442;111.111.116-65;50.00;0;2014-11-24 17:40:04.330;2016-07-06 07:45:08.637;1;113591
443;8494;2;54;CLIENTE 443;111.111.116-66;100.00;1;2014-11-24 17:40:04.337;2016-07-06 07:45:08.643;1;115778
444;8494;2;55;CLIENTE 444;111.111.116-67;100.00;1;2014-11-24 17:40:04.347;2016-07-06 07:45:08.650;1;71569
445;8494;2;56;CLIENTE 445;111.111.116-68;50.00;1;2014-11-24 17:40:04.353;2016-07-06 07:45:08.657;1;97073
446;8494;2;56;CLIENTE 446;111.111.116-69;50.00;0;2014-11-24 17:40:04.353;2016-07-06 07:45:08.657;1;97074
447;8494;2;61;CLIENTE 447;111.111.116-70;100.00;1;2014-11-24 17:40:04.360;2016-07-06 07:45:08.663;1;25006
448;8494;2;62;CLIENTE 448;111.111.116-71;100.00;1;2014-11-24 17:40:04.367;2016-07-06 07:45:08.670;1;27285
449;8524;1;00N201;CLIENTE 449;111.111.116-72;100.00;1;2014-11-24 17:40:04.373;2014-11-24 17:40:04.373;1;93729
450;8494;2;63;CLIENTE 450;111.111.116-73;50.00;0;2014-11-24 17:40:04.383;2016-07-06 07:45:08.677;1;81599
451;8494;2;63;CLIENTE 451;111.111.116-74;50.00;1;2014-11-24 17:40:04.383;2016-07-06 07:45:08.677;1;81601
452;8524;1;00N202;CLIENTE 452;111.111.116-75;100.00;1;2014-11-24 17:40:04.390;2014-11-24 17:40:04.390;1;93729
453;8494;2;64;CLIENTE 453;111.111.116-76;50.00;0;2014-11-24 17:40:04.400;2016-07-06 07:45:08.683;1;96865
454;8494;2;64;CLIENTE 454;111.111.116-77;50.00;1;2014-11-24 17:40:04.400;2016-07-06 07:45:08.687;1;96886
455;8524;1;00N301;CLIENTE 455;111.111.116-78;100.00;1;2014-11-24 17:40:04.407;2014-11-24 17:40:04.407;1;42842
456;8494;2;65;CLIENTE 456;111.111.116-79;100.00;1;2014-11-24 17:40:04.413;2016-07-06 07:45:08.690;1;7514
457;8524;1;00N302;CLIENTE 457;111.111.116-80;100.00;1;2014-11-24 17:40:04.420;2014-11-24 17:40:04.420;1;42842
458;8494;2;66;CLIENTE 458;111.111.116-81;50.00;1;2014-11-24 17:40:04.430;2016-07-06 07:45:08.700;1;97700
459;8494;2;66;CLIENTE 459;111.111.116-82;50.00;0;2014-11-24 17:40:04.430;2016-07-06 07:45:08.700;1;97813
460;8524;1;00N303;CLIENTE 460;111.111.116-83;100.00;1;2014-11-24 17:40:04.440;2014-11-24 17:40:04.440;1;42842
461;8494;2;71;CLIENTE 461;111.111.116-84;100.00;1;2014-11-24 17:40:04.450;2016-07-06 07:45:08.707;1;41240
462;8524;1;00N304;CLIENTE 462;111.111.116-85;50.00;1;2014-11-24 17:40:04.460;2014-11-24 17:40:04.460;1;95386
463;8524;1;00N304;CLIENTE 463;111.111.116-86;50.00;0;2014-11-24 17:40:04.460;2014-11-24 17:40:04.460;1;95387
464;8494;2;72;CLIENTE 464;111.111.116-87;100.00;1;2014-11-24 17:40:04.470;2016-07-06 07:45:08.713;1;26723
465;8524;1;00N305;CLIENTE 465;111.111.116-88;100.00;1;2014-11-24 17:40:04.480;2014-11-24 17:40:04.480;1;122314
466;8494;2;73;CLIENTE 466;111.111.116-89;100.00;1;2014-11-24 17:40:04.490;2016-07-06 07:45:08.720;1;35374
467;8524;1;00N306;CLIENTE 467;111.111.116-90;41.47;0;2014-11-24 17:40:04.500;2014-11-24 17:40:04.500;1;122327
468;8524;1;00N306;CLIENTE 468;111.111.116-91;58.53;1;2014-11-24 17:40:04.500;2014-11-24 17:40:04.500;1;122314
469;8494;2;74;CLIENTE 469;111.111.116-92;25.00;0;2014-11-24 17:40:04.510;2016-07-06 07:45:08.727;1;98275
470;8494;2;74;CLIENTE 470;111.111.116-93;25.00;0;2014-11-24 17:40:04.510;2016-07-06 07:45:08.727;1;98277
471;8494;2;74;CLIENTE 471;111.111.116-94;50.00;1;2014-11-24 17:40:04.510;2016-07-06 07:45:08.727;1;97965
472;8524;1;00N401;CLIENTE 472;111.111.116-95;100.00;1;2014-11-24 17:40:04.520;2014-11-24 17:40:04.520;1;37008
473;8494;2;75;CLIENTE 473;111.111.116-96;100.00;1;2014-11-24 17:40:04.530;2016-07-06 07:45:08.733;1;66649
474;8524;1;00N402;CLIENTE 474;111.111.116-97;100.00;1;2014-11-24 17:40:04.537;2014-11-24 17:40:04.537;1;144899
475;8494;2;76;CLIENTE 475;111.111.116-98;100.00;1;2014-11-24 17:40:04.547;2016-07-06 07:45:08.740;1;81412
476;8524;1;00N403;CLIENTE 476;111.111.116-99;100.00;1;2014-11-24 17:40:04.557;2014-11-24 17:40:04.557;1;64360
477;8494;3;1;CLIENTE 477;111.111.117-01;50.00;1;2014-11-24 17:40:04.567;2016-07-06 07:45:08.750;1;97028
478;8494;3;1;CLIENTE 478;111.111.117-02;50.00;0;2014-11-24 17:40:04.567;2016-07-06 07:45:08.750;1;97035
479;8524;1;00N404;CLIENTE 479;111.111.117-03;50.00;1;2014-11-24 17:40:04.577;2014-11-24 17:40:04.577;1;82608
480;8524;1;00N404;CLIENTE 480;111.111.117-04;50.00;0;2014-11-24 17:40:04.577;2014-11-24 17:40:04.577;1;82613
481;8494;3;3;CLIENTE 481;111.111.117-05;40.00;1;2014-11-24 17:40:04.587;2016-07-06 07:45:08.757;1;81609
482;8494;3;3;CLIENTE 482;111.111.117-06;30.00;0;2014-11-24 17:40:04.587;2016-07-06 07:45:08.757;1;81612
483;8494;3;3;CLIENTE 483;111.111.117-07;30.00;0;2014-11-24 17:40:04.587;2016-07-06 07:45:08.757;1;81701
484;8524;1;00N405;CLIENTE 484;111.111.117-08;100.00;1;2014-11-24 17:40:04.597;2014-11-24 17:40:04.597;1;36875
485;8494;3;4;CLIENTE 485;111.111.117-09;50.00;0;2014-11-24 17:40:04.603;2016-07-06 07:45:08.763;1;94111
486;8494;3;4;CLIENTE 486;111.111.117-10;50.00;1;2014-11-24 17:40:04.603;2016-07-06 07:45:08.763;1;94115
487;8524;1;00N406;CLIENTE 487;111.111.117-11;100.00;1;2014-11-24 17:40:04.613;2014-11-24 17:40:04.613;1;93729
488;8494;3;6;CLIENTE 488;111.111.117-12;100.00;1;2014-11-24 17:40:04.620;2016-07-06 07:45:08.770;1;81578
489;8524;1;00N501;CLIENTE 489;111.111.117-13;100.00;1;2014-11-24 17:40:04.627;2014-11-24 17:40:04.627;1;109429
490;8494;3;11;CLIENTE 490;111.111.117-14;50.00;0;2014-11-24 17:40:04.633;2016-07-06 07:45:08.777;1;98048
491;8494;3;11;CLIENTE 491;111.111.117-15;50.00;1;2014-11-24 17:40:04.633;2016-07-06 07:45:08.777;1;98049
492;8524;1;00N502;CLIENTE 492;111.111.117-16;100.00;1;2014-11-24 17:40:04.643;2014-11-24 17:40:04.643;1;36334
493;8494;3;12;CLIENTE 493;111.111.117-17;100.00;1;2014-11-24 17:40:04.650;2016-07-06 07:45:08.783;1;5903
494;8524;1;00N503;CLIENTE 494;111.111.117-18;100.00;1;2014-11-24 17:40:04.657;2014-11-24 17:40:04.657;1;34839
495;8494;3;13;CLIENTE 495;111.111.117-19;100.00;1;2014-11-24 17:40:04.663;2016-07-06 07:45:08.790;1;63947
496;8494;3;14;CLIENTE 496;111.111.117-20;50.00;0;2014-11-24 17:40:04.677;2016-07-06 07:45:08.797;1;120010
497;8494;3;14;CLIENTE 497;111.111.117-21;50.00;1;2014-11-24 17:40:04.677;2016-07-06 07:45:08.797;1;120044
498;8494;3;15;CLIENTE 498;111.111.117-22;100.00;1;2014-11-24 17:40:04.690;2016-07-06 07:45:08.803;1;25906
499;8494;3;16;CLIENTE 499;111.111.117-23;100.00;1;2014-11-24 17:40:04.703;2016-07-06 07:45:08.810;1;115984