Id;DocumentoCliente;DataEvento;TipoEvento;TipoAcesso;IdAtendente;Pagina;Atividade;LogErro;Origem
13491;111.111.111-11;2018-06-28 16:26:34.6900000;2;2;00000000-0000-0000-0000-000000000001;16;Visualiza��o da FALE_CONOSCO;;
13493;111.111.111-12;2018-06-28 16:26:39.1630000;2;2;00000000-0000-0000-0000-000000000001;16;Visualiza��o da FALE_CONOSCO;;
13495;111.111.111-13;2018-06-28 16:26:43.5500000;2;2;00000000-0000-0000-0000-000000000001;6;Visualiza��o da BENEFICIOS_VOCE;;
13497;111.111.111-14;2018-06-28 16:26:48.2700000;2;2;00000000-0000-0000-0000-000000000001;6;Visualiza��o da BENEFICIOS_VOCE;;
13498;111.111.111-15;2018-06-28 16:27:11.7500000;2;2;00000000-0000-0000-0000-000000000001;16;Visualiza��o da FALE_CONOSCO;;
13499;111.111.111-16;2018-06-28 16:27:21.2670000;2;2;00000000-0000-0000-0000-000000000001;1;Visualiza��o da HOME;;
13501;111.111.111-17;2018-06-28 16:27:58.5670000;2;2;00000000-0000-0000-0000-000000000001;6;Visualiza��o da BENEFICIOS_VOCE;;
13502;111.111.111-18;2018-06-28 16:28:07.0570000;2;2;00000000-0000-0000-0000-000000000001;6;Visualiza��o da BENEFICIOS_VOCE;;
13504;111.111.111-19;2018-06-28 16:28:26.7530000;2;2;00000000-0000-0000-0000-000000000001;6;Visualiza��o da BENEFICIOS_VOCE;;
13505;111.111.111-20;2018-06-28 16:28:35.5030000;1;2;00000000-0000-0000-0000-000000000001;16;Cria��o em FALE_CONOSCO;Cria��o de Fale Conosco, CYR-1770715-Q1Z8;
13506;111.111.111-21;2018-06-28 16:28:38.1200000;2;2;00000000-0000-0000-0000-000000000001;16;Visualiza��o da FALE_CONOSCO;;
13507;111.111.111-22;2018-06-28 16:28:41.4800000;2;2;00000000-0000-0000-0000-000000000001;16;Visualiza��o da FALE_CONOSCO;;
13508;111.111.111-23;2018-06-28 16:28:46.8400000;2;2;00000000-0000-0000-0000-000000000001;7;Visualiza��o da DOCUMENTOS;;
13509;111.111.111-24;2018-06-28 16:28:50.7170000;2;2;00000000-0000-0000-0000-000000000001;16;Visualiza��o da FALE_CONOSCO;;
13523;111.111.111-25;2018-06-28 16:30:01.1500000;2;2;00000000-0000-0000-0000-000000000001;1;Visualiza��o da HOME;;
13527;111.111.111-26;2018-06-28 16:30:28.1470000;2;2;00000000-0000-0000-0000-000000000001;1;Visualiza��o da HOME;;
13529;111.111.111-27;2018-06-28 16:30:47.7230000;2;2;00000000-0000-0000-0000-000000000001;11;Visualiza��o da FINANCEIRO_ANTECIPACAO;;
13531;111.111.111-28;2018-06-28 16:30:53.6930000;2;2;00000000-0000-0000-0000-000000000001;11;Visualiza��o da FINANCEIRO_ANTECIPACAO;;100000016
13532;111.111.111-29;2018-06-28 16:30:55.4270000;2;2;00000000-0000-0000-0000-000000000001;13;Visualiza��o da MEU_IMOVEL;;100000016
13536;111.111.111-30;2018-06-28 16:31:17.7100000;2;2;00000000-0000-0000-0000-000000000001;5;Visualiza��o da ANDAMENTO_OBRA;;100000016
13537;111.111.111-31;2018-06-28 16:31:31.1870000;2;2;00000000-0000-0000-0000-000000000001;9;Visualiza��o da FINANCEIRO_MEUS_BOLETOS;;100000016
13538;111.111.111-32;2018-06-28 16:31:38.0000000;2;2;00000000-0000-0000-0000-000000000001;11;Visualiza��o da FINANCEIRO_ANTECIPACAO;;100000016
13539;111.111.111-33;2018-06-28 16:31:42.9430000;2;2;00000000-0000-0000-0000-000000000001;11;Visualiza��o da FINANCEIRO_ANTECIPACAO;;100000016
13540;111.111.111-34;2018-06-28 16:31:53.8600000;2;2;02E876E7-4030-E711-941B-001DD8200008;1;Visualiza��o da HOME;;100000016
13541;111.111.111-35;2018-06-28 16:31:59.9970000;2;2;00000000-0000-0000-0000-000000000001;6;Visualiza��o da BENEFICIOS_VOCE;;100000016
13542;111.111.111-36;2018-06-28 16:33:06.4830000;2;2;02E876E7-4030-E711-941B-001DD8200008;9;Visualiza��o da FINANCEIRO_MEUS_BOLETOS;;100000016
13547;111.111.111-37;2018-06-28 16:34:36.7900000;2;2;02E876E7-4030-E711-941B-001DD8200008;9;Visualiza��o da FINANCEIRO_MEUS_BOLETOS;;100000016
13549;111.111.111-38;2018-06-28 16:35:07.8400000;2;2;FEF5D6DD-12DC-E711-80C0-005056955165;1;Visualiza��o da HOME;;100000016
13551;111.111.111-39;2018-06-28 16:35:29.5830000;2;2;FEF5D6DD-12DC-E711-80C0-005056955165;11;Visualiza��o da FINANCEIRO_ANTECIPACAO;;100000016
13554;111.111.111-40;2018-06-28 16:35:57.7800000;2;2;00000000-0000-0000-0000-000000000001;8;Visualiza��o da FINANCEIRO_EXTRATO_FINANCEIRO;;100000016
13563;111.111.111-41;2018-06-28 16:37:39.6500000;2;2;00000000-0000-0000-0000-000000000001;1;Visualiza��o da HOME;;100000016
13567;111.111.111-42;2018-06-28 16:38:30.9000000;2;2;00000000-0000-0000-0000-000000000001;16;Visualiza��o da FALE_CONOSCO;;100000016
13571;111.111.111-43;2018-06-28 16:38:46.1900000;2;2;00000000-0000-0000-0000-000000000001;13;Visualiza��o da MEU_IMOVEL;;100000016
13581;111.111.111-44;2018-06-28 16:40:30.6530000;2;2;00000000-0000-0000-0000-000000000001;1;Visualiza��o da HOME;;100000016
13582;111.111.111-45;2018-06-28 16:40:53.5470000;2;2;00000000-0000-0000-0000-000000000001;1;Visualiza��o da HOME;;100000016
13584;111.111.111-46;2018-06-28 16:41:14.8700000;2;2;00000000-0000-0000-0000-000000000001;8;Visualiza��o da FINANCEIRO_EXTRATO_FINANCEIRO;;100000016
13585;111.111.111-47;2018-06-28 16:41:42.3100000;2;2;00000000-0000-0000-0000-000000000001;7;Visualiza��o da DOCUMENTOS;;100000016
13587;111.111.111-48;2018-06-28 16:41:55.6870000;2;2;00000000-0000-0000-0000-000000000001;5;Visualiza��o da ANDAMENTO_OBRA;;100000016
13591;111.111.111-49;2018-06-28 16:43:28.7600000;2;2;30ED4F63-7972-E511-9406-001DD8200001;1;Visualiza��o da HOME;;100000016
13599;111.111.111-50;2018-06-28 16:44:38.4100000;2;2;00000000-0000-0000-0000-000000000001;1;Visualiza��o da HOME;;100000016
13601;111.111.111-51;2018-06-28 16:44:51.7030000;2;2;00000000-0000-0000-0000-000000000001;13;Visualiza��o da MEU_IMOVEL;;100000016
13604;111.111.111-52;2018-06-28 16:45:06.4670000;2;2;00000000-0000-0000-0000-000000000001;5;Visualiza��o da ANDAMENTO_OBRA;;100000016
13610;111.111.111-53;2018-06-28 16:45:40.5400000;2;2;00000000-0000-0000-0000-000000000001;1;Visualiza��o da HOME;;100000016
13614;111.111.111-54;2018-06-28 16:46:05.2330000;2;2;00000000-0000-0000-0000-000000000001;8;Visualiza��o da FINANCEIRO_EXTRATO_FINANCEIRO;;100000016
13616;111.111.111-55;2018-06-28 16:46:20.8130000;2;2;00000000-0000-0000-0000-000000000001;1;Visualiza��o da HOME;;100000016
13621;111.111.111-56;2018-06-28 16:47:05.3600000;2;2;00000000-0000-0000-0000-000000000001;5;Visualiza��o da ANDAMENTO_OBRA;;100000016
13899;111.111.111-57;2018-06-28 17:34:48.9000000;2;2;00000000-0000-0000-0000-000000000001;1;Visualiza��o da HOME;;100000016
14338;111.111.111-58;2018-06-28 22:30:40.0400000;2;2;00000000-0000-0000-0000-000000000001;7;Visualiza��o da DOCUMENTOS;;100000016
14339;111.111.111-59;2018-06-28 22:30:50.4200000;2;2;00000000-0000-0000-0000-000000000001;8;Visualiza��o da FINANCEIRO_EXTRATO_FINANCEIRO;;100000016
14340;111.111.111-60;2018-06-28 22:30:50.9430000;2;2;00000000-0000-0000-0000-000000000001;5;Visualiza��o da ANDAMENTO_OBRA;;100000016
14341;111.111.111-61;2018-06-28 22:31:01.3730000;2;2;00000000-0000-0000-0000-000000000001;2;Visualiza��o da DADOS_CADASTRAIS;;100000016
14342;111.111.111-62;2018-06-28 22:31:15.1370000;2;2;00000000-0000-0000-0000-000000000001;13;Visualiza��o da MEU_IMOVEL;;100000016
14343;111.111.111-63;2018-06-28 22:32:47.0500000;2;2;00000000-0000-0000-0000-000000000001;1;Visualiza��o da HOME;;100000016
14344;111.111.111-64;2018-06-28 22:32:47.6030000;2;2;00000000-0000-0000-0000-000000000001;5;Visualiza��o da ANDAMENTO_OBRA;;100000016
14346;111.111.111-65;2018-06-28 22:33:00.7570000;2;2;00000000-0000-0000-0000-000000000001;17;Visualiza��o da DUVIDAS_FREQUENTES;;100000016
14347;111.111.111-66;2018-06-28 22:33:10.8000000;2;2;00000000-0000-0000-0000-000000000001;8;Visualiza��o da FINANCEIRO_EXTRATO_FINANCEIRO;;100000016
14351;111.111.111-67;2018-06-28 22:35:22.0200000;2;2;00000000-0000-0000-0000-000000000001;6;Visualiza��o da BENEFICIOS_VOCE;;100000016
14352;111.111.111-68;2018-06-28 22:35:42.6700000;2;2;00000000-0000-0000-0000-000000000001;6;Visualiza��o da BENEFICIOS_VOCE;;100000016
14353;111.111.111-69;2018-06-28 22:36:00.8500000;2;2;00000000-0000-0000-0000-000000000001;5;Visualiza��o da ANDAMENTO_OBRA;;100000016
14354;111.111.111-70;2018-06-28 22:36:07.0100000;2;2;00000000-0000-0000-0000-000000000001;7;Visualiza��o da DOCUMENTOS;;100000016
14355;111.111.111-71;2018-06-28 22:36:21.6800000;2;2;00000000-0000-0000-0000-000000000001;15;Visualiza��o da VISTORIA;;100000016
14356;111.111.111-72;2018-06-28 22:36:42.5470000;2;2;00000000-0000-0000-0000-000000000001;13;Visualiza��o da MEU_IMOVEL;;100000016
14357;111.111.111-73;2018-06-28 22:36:57.5770000;2;2;00000000-0000-0000-0000-000000000001;13;Visualiza��o da MEU_IMOVEL;;100000016
14358;111.111.111-74;2018-06-28 22:37:08.1000000;2;2;00000000-0000-0000-0000-000000000001;9;Visualiza��o da FINANCEIRO_MEUS_BOLETOS;;100000016
14359;111.111.111-75;2018-06-28 22:37:29.1870000;2;2;00000000-0000-0000-0000-000000000001;9;Visualiza��o da FINANCEIRO_MEUS_BOLETOS;Download de Boleto;100000016
14360;111.111.111-76;2018-06-28 22:37:45.0070000;2;2;00000000-0000-0000-0000-000000000001;8;Visualiza��o da FINANCEIRO_EXTRATO_FINANCEIRO;;100000016
14361;111.111.111-77;2018-06-28 22:37:52.3670000;2;2;00000000-0000-0000-0000-000000000001;9;Visualiza��o da FINANCEIRO_MEUS_BOLETOS;;100000016
14364;111.111.111-78;2018-06-28 22:40:44.3400000;2;2;00000000-0000-0000-0000-000000000001;1;Visualiza��o da HOME;;100000016
14365;111.111.111-79;2018-06-28 22:41:47.6570000;2;2;00000000-0000-0000-0000-000000000001;11;Visualiza��o da FINANCEIRO_ANTECIPACAO;;100000016
14366;111.111.111-80;2018-06-28 22:41:51.6930000;2;2;00000000-0000-0000-0000-000000000001;11;Visualiza��o da FINANCEIRO_ANTECIPACAO;;100000016
14368;111.111.111-81;2018-06-28 22:43:16.1100000;2;2;00000000-0000-0000-0000-000000000001;11;Visualiza��o da FINANCEIRO_ANTECIPACAO;;100000016
14371;111.111.111-82;2018-06-28 22:44:54.6300000;2;2;00000000-0000-0000-0000-000000000001;11;Visualiza��o da FINANCEIRO_ANTECIPACAO;;100000016
14373;111.111.111-83;2018-06-28 22:45:15.2500000;2;2;00000000-0000-0000-0000-000000000001;1;Visualiza��o da HOME;;100000016
14379;111.111.111-84;2018-06-28 22:49:54.0230000;2;2;00000000-0000-0000-0000-000000000001;8;Visualiza��o da FINANCEIRO_EXTRATO_FINANCEIRO;;100000016
13492;111.111.111-85;2018-06-28 16:26:36.0330000;3;2;00000000-0000-0000-0000-000000000001;2;Atualiza��o em DADOS_CADASTRAIS;Atualiza��o de Cadastro;100000016
13494;111.111.111-86;2018-06-28 16:26:41.7770000;2;2;00000000-0000-0000-0000-000000000001;2;Visualiza��o da DADOS_CADASTRAIS;;100000016
13496;111.111.111-87;2018-06-28 16:26:48.1370000;2;2;00000000-0000-0000-0000-000000000001;5;Visualiza��o da ANDAMENTO_OBRA;;100000016
13500;111.111.111-88;2018-06-28 16:27:39.2230000;2;2;00000000-0000-0000-0000-000000000001;1;Visualiza��o da HOME;;100000016
13503;111.111.111-89;2018-06-28 16:28:16.5800000;2;2;00000000-0000-0000-0000-000000000001;5;Visualiza��o da ANDAMENTO_OBRA;;100000016
13510;111.111.111-90;2018-06-28 16:28:52.2300000;2;2;2BFFED18-4329-E011-A2DB-0026B97E0079;1;Visualiza��o da HOME;;100000016
13511;111.111.111-91;2018-06-28 16:28:56.0200000;2;2;00000000-0000-0000-0000-000000000001;13;Visualiza��o da MEU_IMOVEL;;100000016
13512;111.111.111-92;2018-06-28 16:29:06.8870000;2;2;00000000-0000-0000-0000-000000000001;1;Visualiza��o da HOME;;100000016
13513;111.111.111-93;2018-06-28 16:29:07.2500000;2;2;2BFFED18-4329-E011-A2DB-0026B97E0079;8;Visualiza��o da FINANCEIRO_EXTRATO_FINANCEIRO;;100000016
13514;111.111.111-94;2018-06-28 16:29:07.7130000;2;2;00000000-0000-0000-0000-000000000001;1;Visualiza��o da HOME;;100000016
13515;111.111.111-95;2018-06-28 16:29:11.1770000;2;2;00000000-0000-0000-0000-000000000001;13;Visualiza��o da MEU_IMOVEL;;100000016
13516;111.111.111-96;2018-06-28 16:29:16.3770000;2;2;00000000-0000-0000-0000-000000000001;6;Visualiza��o da BENEFICIOS_VOCE;;100000016
13517;111.111.111-97;2018-06-28 16:29:22.5000000;2;2;00000000-0000-0000-0000-000000000001;7;Visualiza��o da DOCUMENTOS;;100000016
13518;111.111.111-98;2018-06-28 16:29:23.9270000;2;2;00000000-0000-0000-0000-000000000001;18;Visualiza��o da GLOSSARIO;;100000016
13519;111.111.111-99;2018-06-28 16:29:32.3330000;2;2;00000000-0000-0000-0000-000000000001;9;Visualiza��o da FINANCEIRO_MEUS_BOLETOS;;100000016
13520;111.111.113-10;2018-06-28 16:29:35.2900000;2;2;00000000-0000-0000-0000-000000000001;7;Visualiza��o da DOCUMENTOS;;100000016
13521;111.111.113-11;2018-06-28 16:29:57.6670000;2;2;00000000-0000-0000-0000-000000000001;8;Visualiza��o da FINANCEIRO_EXTRATO_FINANCEIRO;;100000016
13522;111.111.113-12;2018-06-28 16:29:58.0030000;2;2;00000000-0000-0000-0000-000000000001;8;Visualiza��o da FINANCEIRO_EXTRATO_FINANCEIRO;;100000016
13524;111.111.113-13;2018-06-28 16:30:08.1030000;2;2;00000000-0000-0000-0000-000000000001;16;Visualiza��o da FALE_CONOSCO;;100000016
13525;111.111.113-14;2018-06-28 16:30:10.7500000;2;2;00000000-0000-0000-0000-000000000001;10;Visualiza��o da FINANCEIRO_INFORME_RENDIMENTOS;;100000016
13526;111.111.113-15;2018-06-28 16:30:14.9130000;2;2;00000000-0000-0000-0000-000000000001;13;Visualiza��o da MEU_IMOVEL;;100000016
13528;111.111.113-16;2018-06-28 16:30:32.5670000;2;2;00000000-0000-0000-0000-000000000001;19;Visualiza��o da ASSISTENCIA_TECNICA;;100000016
13530;111.111.113-17;2018-06-28 16:30:47.9770000;2;2;00000000-0000-0000-0000-000000000001;5;Visualiza��o da ANDAMENTO_OBRA;;100000016
13533;111.111.113-18;2018-06-28 16:30:57.4130000;2;2;00000000-0000-0000-0000-000000000001;1;Visualiza��o da HOME;;100000016
13534;111.111.113-19;2018-06-28 16:31:11.1070000;2;2;00000000-0000-0000-0000-000000000001;1;Visualiza��o da HOME;;100000016
13535;111.111.113-20;2018-06-28 16:31:16.4530000;2;2;00000000-0000-0000-0000-000000000001;2;Visualiza��o da DADOS_CADASTRAIS;;100000016
13543;111.111.113-21;2018-06-28 16:33:18.8400000;2;2;00000000-0000-0000-0000-000000000001;15;Visualiza��o da VISTORIA;;100000016
13544;111.111.113-22;2018-06-28 16:33:40.3570000;2;2;00000000-0000-0000-0000-000000000001;5;Visualiza��o da ANDAMENTO_OBRA;;100000016
13545;111.111.113-23;2018-06-28 16:33:46.5770000;2;2;00000000-0000-0000-0000-000000000001;19;Visualiza��o da ASSISTENCIA_TECNICA;;100000016
13546;111.111.113-24;2018-06-28 16:34:04.8630000;2;2;00000000-0000-0000-0000-000000000001;6;Visualiza��o da BENEFICIOS_VOCE;;100000016
13548;111.111.113-25;2018-06-28 16:34:59.1500000;2;2;00000000-0000-0000-0000-000000000001;6;Visualiza��o da BENEFICIOS_VOCE;;100000016
13550;111.111.113-26;2018-06-28 16:35:10.2270000;2;2;00000000-0000-0000-0000-000000000001;6;Visualiza��o da BENEFICIOS_VOCE;;100000016
13552;111.111.113-27;2018-06-28 16:35:35.5400000;2;2;00000000-0000-0000-0000-000000000001;6;Visualiza��o da BENEFICIOS_VOCE;;100000016
13553;111.111.113-28;2018-06-28 16:35:44.1170000;2;2;00000000-0000-0000-0000-000000000001;6;Visualiza��o da BENEFICIOS_VOCE;;100000016
13555;111.111.113-29;2018-06-28 16:36:04.9300000;2;2;00000000-0000-0000-0000-000000000001;6;Visualiza��o da BENEFICIOS_VOCE;;100000016
13556;111.111.113-30;2018-06-28 16:36:22.8670000;2;2;00000000-0000-0000-0000-000000000001;6;Visualiza��o da BENEFICIOS_VOCE;;100000016
13557;111.111.113-31;2018-06-28 16:36:56.6630000;2;2;00000000-0000-0000-0000-000000000001;1;Visualiza��o da HOME;;100000016
13575;111.111.113-32;2018-06-28 16:39:14.8870000;2;2;00000000-0000-0000-0000-000000000001;8;Visualiza��o da FINANCEIRO_EXTRATO_FINANCEIRO;;100000016
13576;111.111.113-33;2018-06-28 16:39:17.1200000;2;2;00000000-0000-0000-0000-000000000001;6;Visualiza��o da BENEFICIOS_VOCE;;100000016
13577;111.111.113-34;2018-06-28 16:39:27.1870000;2;2;00000000-0000-0000-0000-000000000001;2;Visualiza��o da DADOS_CADASTRAIS;;
13578;111.111.113-35;2018-06-28 16:39:35.1870000;2;2;00000000-0000-0000-0000-000000000001;19;Visualiza��o da ASSISTENCIA_TECNICA;;
13579;111.111.113-36;2018-06-28 16:39:50.2770000;2;2;00000000-0000-0000-0000-000000000001;19;Visualiza��o da ASSISTENCIA_TECNICA;;
13580;111.111.113-37;2018-06-28 16:40:23.4300000;2;2;00000000-0000-0000-0000-000000000001;19;Visualiza��o da ASSISTENCIA_TECNICA;;
13583;111.111.113-38;2018-06-28 16:41:05.1300000;2;2;00000000-0000-0000-0000-000000000001;19;Visualiza��o da ASSISTENCIA_TECNICA;;
13586;111.111.113-39;2018-06-28 16:41:49.7500000;2;2;00000000-0000-0000-0000-000000000001;1;Visualiza��o da HOME;;
13588;111.111.113-40;2018-06-28 16:42:10.0700000;2;2;00000000-0000-0000-0000-000000000001;1;Visualiza��o da HOME;;
13589;111.111.113-41;2018-06-28 16:42:34.9300000;2;2;00000000-0000-0000-0000-000000000001;19;Visualiza��o da ASSISTENCIA_TECNICA;;
13590;111.111.113-42;2018-06-28 16:42:54.1770000;2;2;00000000-0000-0000-0000-000000000001;19;Visualiza��o da ASSISTENCIA_TECNICA;;
13592;111.111.113-43;2018-06-28 16:43:45.2870000;2;2;00000000-0000-0000-0000-000000000001;1;Visualiza��o da HOME;;
13593;111.111.113-44;2018-06-28 16:43:53.9830000;2;2;00000000-0000-0000-0000-000000000001;19;Visualiza��o da ASSISTENCIA_TECNICA;;
13594;111.111.113-45;2018-06-28 16:43:55.3600000;2;2;00000000-0000-0000-0000-000000000001;6;Visualiza��o da BENEFICIOS_VOCE;;
13595;111.111.113-46;2018-06-28 16:44:06.7600000;2;2;00000000-0000-0000-0000-000000000001;9;Visualiza��o da FINANCEIRO_MEUS_BOLETOS;;
13596;111.111.113-47;2018-06-28 16:44:08.9000000;2;2;00000000-0000-0000-0000-000000000001;19;Visualiza��o da ASSISTENCIA_TECNICA;;
13597;111.111.113-48;2018-06-28 16:44:18.2300000;2;2;00000000-0000-0000-0000-000000000001;6;Visualiza��o da BENEFICIOS_VOCE;;
13598;111.111.113-49;2018-06-28 16:44:22.9970000;2;2;00000000-0000-0000-0000-000000000001;6;Visualiza��o da BENEFICIOS_VOCE;;
13600;111.111.113-50;2018-06-28 16:44:41.9700000;2;2;00000000-0000-0000-0000-000000000001;9;Visualiza��o da FINANCEIRO_MEUS_BOLETOS;;
13602;111.111.113-51;2018-06-28 16:44:57.7130000;2;2;00000000-0000-0000-0000-000000000001;6;Visualiza��o da BENEFICIOS_VOCE;;
13603;111.111.113-52;2018-06-28 16:45:03.2870000;2;2;00000000-0000-0000-0000-000000000001;7;Visualiza��o da DOCUMENTOS;;
13605;111.111.113-53;2018-06-28 16:45:07.2870000;2;2;00000000-0000-0000-0000-000000000001;1;Visualiza��o da HOME;;
13606;111.111.113-54;2018-06-28 16:45:12.6100000;2;2;00000000-0000-0000-0000-000000000001;19;Visualiza��o da ASSISTENCIA_TECNICA;;
13607;111.111.113-55;2018-06-28 16:45:27.2600000;2;2;00000000-0000-0000-0000-000000000001;1;Visualiza��o da HOME;;
13608;111.111.113-56;2018-06-28 16:45:32.7970000;2;2;00000000-0000-0000-0000-000000000001;2;Visualiza��o da DADOS_CADASTRAIS;;
13609;111.111.113-57;2018-06-28 16:45:38.3500000;2;2;00000000-0000-0000-0000-000000000001;9;Visualiza��o da FINANCEIRO_MEUS_BOLETOS;;
13611;111.111.113-58;2018-06-28 16:45:50.7100000;2;2;00000000-0000-0000-0000-000000000001;5;Visualiza��o da ANDAMENTO_OBRA;;
13612;111.111.113-59;2018-06-28 16:45:55.3970000;2;2;00000000-0000-0000-0000-000000000001;19;Visualiza��o da ASSISTENCIA_TECNICA;;
13613;111.111.113-60;2018-06-28 16:45:59.1100000;2;2;00000000-0000-0000-0000-000000000001;7;Visualiza��o da DOCUMENTOS;;
13615;111.111.113-61;2018-06-28 16:46:12.5000000;2;2;00000000-0000-0000-0000-000000000001;2;Visualiza��o da DADOS_CADASTRAIS;;
13617;111.111.113-62;2018-06-28 16:46:27.4030000;2;2;00000000-0000-0000-0000-000000000001;15;Visualiza��o da VISTORIA;;
13618;111.111.113-63;2018-06-28 16:46:34.1500000;2;2;00000000-0000-0000-0000-000000000001;16;Visualiza��o da FALE_CONOSCO;;
13619;111.111.113-64;2018-06-28 16:46:39.8070000;3;2;00000000-0000-0000-0000-000000000001;2;Atualiza��o em DADOS_CADASTRAIS;Atualiza��o de Cadastro;
13620;111.111.113-65;2018-06-28 16:46:42.6030000;2;2;00000000-0000-0000-0000-000000000001;2;Visualiza��o da DADOS_CADASTRAIS;;
13622;111.111.113-66;2018-06-28 16:47:47.3630000;2;2;00000000-0000-0000-0000-000000000001;6;Visualiza��o da BENEFICIOS_VOCE;;
13623;111.111.113-67;2018-06-28 16:48:03.1470000;2;2;00000000-0000-0000-0000-000000000001;11;Visualiza��o da FINANCEIRO_ANTECIPACAO;;
13624;111.111.113-68;2018-06-28 16:48:04.1470000;2;2;00000000-0000-0000-0000-000000000001;6;Visualiza��o da BENEFICIOS_VOCE;;
666049;111.111.113-69;2019-01-07 10:00:15.5330000;2;2;3AF10F1D-7F7B-E711-9428-005056ACE682;1;Visualiza��o da HOME;;
666050;111.111.113-70;2019-01-07 10:00:51.4000000;2;2;3D630CC5-A001-E611-940D-005056200001;1;Visualiza��o da HOME;;
666051;111.111.113-71;2019-01-07 10:00:54.6830000;2;2;00000000-0000-0000-0000-000000000001;8;Visualiza��o da FINANCEIRO_EXTRATO_FINANCEIRO;Posi��o Financeira;
666052;111.111.113-72;2019-01-07 10:00:54.9370000;2;2;00000000-0000-0000-0000-000000000001;8;Visualiza��o da FINANCEIRO_EXTRATO_FINANCEIRO;;
666053;111.111.113-73;2019-01-07 10:01:06.5830000;2;2;FA123A6E-0D0E-E611-9408-005056200008;1;Visualiza��o da HOME;;
666054;111.111.113-74;2019-01-07 10:01:07.4130000;2;2;3D630CC5-A001-E611-940D-005056200001;8;Visualiza��o da FINANCEIRO_EXTRATO_FINANCEIRO;Posi��o Financeira;
666055;111.111.113-75;2019-01-07 10:01:07.4330000;2;2;3D630CC5-A001-E611-940D-005056200001;8;Visualiza��o da FINANCEIRO_EXTRATO_FINANCEIRO;;
666056;111.111.113-76;2019-01-07 10:01:15.4830000;2;2;00000000-0000-0000-0000-000000000001;5;Visualiza��o da ANDAMENTO_OBRA;;
666067;111.111.113-77;2019-01-07 10:03:24.1100000;2;2;00000000-0000-0000-0000-000000000001;1;Visualiza��o da HOME;;
666076;111.111.113-78;2019-01-07 10:03:46.1000000;2;2;00000000-0000-0000-0000-000000000001;1;Visualiza��o da HOME;;
666078;111.111.113-79;2019-01-07 10:03:48.5200000;2;2;00000000-0000-0000-0000-000000000001;1;Visualiza��o da HOME;;
666079;111.111.113-80;2019-01-07 10:03:55.6100000;2;2;00000000-0000-0000-0000-000000000001;13;Visualiza��o da MEU_IMOVEL;;
666080;111.111.113-81;2019-01-07 10:03:58.5500000;2;2;00000000-0000-0000-0000-000000000001;9;Visualiza��o da FINANCEIRO_MEUS_BOLETOS;;
666082;111.111.113-82;2019-01-07 10:04:00.2230000;2;2;00000000-0000-0000-0000-000000000001;1;Visualiza��o da HOME;;
666084;111.111.113-83;2019-01-07 10:04:14.4230000;2;2;00000000-0000-0000-0000-000000000001;11;Visualiza��o da FINANCEIRO_ANTECIPACAO;;
666085;111.111.113-84;2019-01-07 10:04:18.4730000;2;2;00000000-0000-0000-0000-000000000001;11;Visualiza��o da FINANCEIRO_ANTECIPACAO;;
666088;111.111.113-85;2019-01-07 10:04:21.2130000;2;2;00000000-0000-0000-0000-000000000001;9;Visualiza��o da FINANCEIRO_MEUS_BOLETOS;;
666096;111.111.113-86;2019-01-07 10:04:28.7670000;2;2;00000000-0000-0000-0000-000000000001;16;Visualiza��o da FALE_CONOSCO;Visualiza��o de Fale Conosco;
666097;111.111.113-87;2019-01-07 10:04:29.9670000;2;2;00000000-0000-0000-0000-000000000001;16;Visualiza��o da FALE_CONOSCO;;
666098;111.111.113-88;2019-01-07 10:04:31.7600000;2;2;00000000-0000-0000-0000-000000000001;1;Visualiza��o da HOME;;
666099;111.111.113-89;2019-01-07 10:04:32.6770000;2;2;00000000-0000-0000-0000-000000000001;9;Visualiza��o da FINANCEIRO_MEUS_BOLETOS;Download de Boleto;
666100;111.111.113-90;2019-01-07 10:04:36.1470000;2;2;00000000-0000-0000-0000-000000000001;9;Visualiza��o da FINANCEIRO_MEUS_BOLETOS;Visualizar Boleto;
666101;111.111.113-91;2019-01-07 10:04:37.0500000;2;2;00000000-0000-0000-0000-000000000001;9;Visualiza��o da FINANCEIRO_MEUS_BOLETOS;;
666102;111.111.113-92;2019-01-07 10:04:38.3170000;2;2;00000000-0000-0000-0000-000000000001;8;Visualiza��o da FINANCEIRO_EXTRATO_FINANCEIRO;Posi��o Financeira;
666103;111.111.113-93;2019-01-07 10:04:38.4430000;2;2;00000000-0000-0000-0000-000000000001;8;Visualiza��o da FINANCEIRO_EXTRATO_FINANCEIRO;;
666104;111.111.113-94;2019-01-07 10:04:46.5870000;2;2;00000000-0000-0000-0000-000000000001;17;Visualiza��o da DUVIDAS_FREQUENTES;;
666105;111.111.113-95;2019-01-07 10:05:06.2430000;2;2;00000000-0000-0000-0000-000000000001;2;Visualiza��o da DADOS_CADASTRAIS;;
666106;111.111.113-96;2019-01-07 10:05:13.5800000;2;2;00000000-0000-0000-0000-000000000001;1;Visualiza��o da HOME;;
666107;111.111.113-97;2019-01-07 10:05:26.7870000;1;2;00000000-0000-0000-0000-000000000001;16;Cria��o em FALE_CONOSCO;Cria��o de Fale Conosco, CYR-2018095-Z8H8;
666108;111.111.113-98;2019-01-07 10:05:27.0630000;2;2;00000000-0000-0000-0000-000000000001;16;Visualiza��o da FALE_CONOSCO;Visualiza��o de Fale Conosco;
666109;111.111.113-99;2019-01-07 10:05:28.3100000;2;2;00000000-0000-0000-0000-000000000001;16;Visualiza��o da FALE_CONOSCO;;
666110;111.111.114-01;2019-01-07 10:05:30.0370000;2;2;00000000-0000-0000-0000-000000000001;16;Visualiza��o da FALE_CONOSCO;Visualiza��o de Fale Conosco;
666111;111.111.114-02;2019-01-07 10:05:31.5770000;2;2;00000000-0000-0000-0000-000000000001;16;Visualiza��o da FALE_CONOSCO;;
666112;111.111.114-03;2019-01-07 10:05:47.0930000;2;2;00000000-0000-0000-0000-000000000001;13;Visualiza��o da MEU_IMOVEL;;
666113;111.111.114-04;2019-01-07 10:05:54.9900000;2;2;983880A6-98B6-E811-80C3-00505695E94A;1;Visualiza��o da HOME;;
666114;111.111.114-05;2019-01-07 10:06:00.2800000;2;2;983880A6-98B6-E811-80C3-00505695E94A;8;Visualiza��o da FINANCEIRO_EXTRATO_FINANCEIRO;Posi��o Financeira;
666115;111.111.114-06;2019-01-07 10:06:00.7600000;2;2;983880A6-98B6-E811-80C3-00505695E94A;8;Visualiza��o da FINANCEIRO_EXTRATO_FINANCEIRO;;
666116;111.111.114-07;2019-01-07 10:06:01.1600000;2;2;00000000-0000-0000-0000-000000000001;1;Visualiza��o da HOME;;
666117;111.111.114-08;2019-01-07 10:06:03.6470000;2;2;00000000-0000-0000-0000-000000000001;9;Visualiza��o da FINANCEIRO_MEUS_BOLETOS;;
666118;111.111.114-09;2019-01-07 10:06:07.1430000;2;2;00000000-0000-0000-0000-000000000001;8;Visualiza��o da FINANCEIRO_EXTRATO_FINANCEIRO;Posi��o Financeira;
666119;111.111.114-10;2019-01-07 10:06:07.4300000;2;2;00000000-0000-0000-0000-000000000001;8;Visualiza��o da FINANCEIRO_EXTRATO_FINANCEIRO;;
666120;111.111.114-11;2019-01-07 10:06:12.5970000;2;2;00000000-0000-0000-0000-000000000001;1;Visualiza��o da HOME;;
666121;111.111.114-12;2019-01-07 10:06:15.7500000;2;2;00000000-0000-0000-0000-000000000001;1;Visualiza��o da HOME;;
666122;111.111.114-13;2019-01-07 10:06:15.8700000;3;2;00000000-0000-0000-0000-000000000001;2;Atualiza��o em DADOS_CADASTRAIS;Atualiza��o de Cadastro;
666123;111.111.114-14;2019-01-07 10:06:19.9000000;2;2;00000000-0000-0000-0000-000000000001;2;Visualiza��o da DADOS_CADASTRAIS;;
666124;111.111.114-15;2019-01-07 10:06:23.3630000;2;2;00000000-0000-0000-0000-000000000001;1;Visualiza��o da HOME;;
666125;111.111.114-16;2019-01-07 10:06:28.6600000;2;2;00000000-0000-0000-0000-000000000001;8;Visualiza��o da FINANCEIRO_EXTRATO_FINANCEIRO;Posi��o Financeira;
666126;111.111.114-17;2019-01-07 10:06:28.7030000;2;2;00000000-0000-0000-0000-000000000001;8;Visualiza��o da FINANCEIRO_EXTRATO_FINANCEIRO;;
666127;111.111.114-18;2019-01-07 10:06:37.7770000;2;2;00000000-0000-0000-0000-000000000001;13;Visualiza��o da MEU_IMOVEL;;
666128;111.111.114-19;2019-01-07 10:06:38.0530000;2;2;00000000-0000-0000-0000-000000000001;11;Visualiza��o da FINANCEIRO_ANTECIPACAO;;
666129;111.111.114-20;2019-01-07 10:06:39.8730000;2;2;00000000-0000-0000-0000-000000000001;1;Visualiza��o da HOME;;
666130;111.111.114-21;2019-01-07 10:06:41.5400000;2;2;00000000-0000-0000-0000-000000000001;1;Visualiza��o da HOME;;
666131;111.111.114-22;2019-01-07 10:06:43.9630000;2;2;00000000-0000-0000-0000-000000000001;1;Visualiza��o da HOME;;
666132;111.111.114-23;2019-01-07 10:06:49.1000000;2;2;00000000-0000-0000-0000-000000000001;6;Visualiza��o da BENEFICIOS_VOCE;Meu M�vel de Madeira;
666133;111.111.114-24;2019-01-07 10:06:50.7500000;3;2;00000000-0000-0000-0000-000000000001;2;Atualiza��o em DADOS_CADASTRAIS;Atualiza��o de Cadastro;
666134;111.111.114-25;2019-01-07 10:06:55.9800000;2;2;00000000-0000-0000-0000-000000000001;8;Visualiza��o da FINANCEIRO_EXTRATO_FINANCEIRO;Posi��o Financeira;
666135;111.111.114-26;2019-01-07 10:06:56.1600000;2;2;00000000-0000-0000-0000-000000000001;8;Visualiza��o da FINANCEIRO_EXTRATO_FINANCEIRO;;
666136;111.111.114-27;2019-01-07 10:06:58.0800000;2;2;00000000-0000-0000-0000-000000000001;1;Visualiza��o da HOME;;
666137;111.111.114-28;2019-01-07 10:07:02.2030000;2;2;00000000-0000-0000-0000-000000000001;1;Visualiza��o da HOME;;
666138;111.111.114-29;2019-01-07 10:07:03.7070000;2;2;00000000-0000-0000-0000-000000000001;11;Visualiza��o da FINANCEIRO_ANTECIPACAO;;
666139;111.111.114-30;2019-01-07 10:07:07.7170000;2;2;00000000-0000-0000-0000-000000000001;8;Visualiza��o da FINANCEIRO_EXTRATO_FINANCEIRO;Posi��o Financeira;
666140;111.111.114-31;2019-01-07 10:07:07.7200000;2;2;00000000-0000-0000-0000-000000000001;11;Visualiza��o da FINANCEIRO_ANTECIPACAO;;
666141;111.111.114-32;2019-01-07 10:07:07.9370000;2;2;00000000-0000-0000-0000-000000000001;9;Visualiza��o da FINANCEIRO_MEUS_BOLETOS;;
666142;111.111.114-33;2019-01-07 10:07:08.0570000;2;2;00000000-0000-0000-0000-000000000001;8;Visualiza��o da FINANCEIRO_EXTRATO_FINANCEIRO;;
666143;111.111.114-34;2019-01-07 10:07:10.6470000;2;2;00000000-0000-0000-0000-000000000001;16;Visualiza��o da FALE_CONOSCO;Visualiza��o de Fale Conosco;
666144;111.111.114-35;2019-01-07 10:07:10.8400000;2;2;00000000-0000-0000-0000-000000000001;8;Visualiza��o da FINANCEIRO_EXTRATO_FINANCEIRO;Posi��o Financeira;
666145;111.111.114-36;2019-01-07 10:07:10.9330000;2;2;00000000-0000-0000-0000-000000000001;8;Visualiza��o da FINANCEIRO_EXTRATO_FINANCEIRO;;
666146;111.111.114-37;2019-01-07 10:07:11.0600000;2;2;00000000-0000-0000-0000-000000000001;16;Visualiza��o da FALE_CONOSCO;;
666147;111.111.114-38;2019-01-07 10:07:14.8370000;2;2;00000000-0000-0000-0000-000000000001;1;Visualiza��o da HOME;;
666148;111.111.114-39;2019-01-07 10:07:22.1770000;2;2;00000000-0000-0000-0000-000000000001;1;Visualiza��o da HOME;;
666149;111.111.114-40;2019-01-07 10:07:25.4100000;2;2;00000000-0000-0000-0000-000000000001;6;Visualiza��o da BENEFICIOS_VOCE;Blink Reformei;
666150;111.111.114-41;2019-01-07 10:07:28.7600000;2;2;00000000-0000-0000-0000-000000000001;1;Visualiza��o da HOME;;
666151;111.111.114-42;2019-01-07 10:07:30.5370000;2;2;00000000-0000-0000-0000-000000000001;2;Visualiza��o da DADOS_CADASTRAIS;;
666152;111.111.114-43;2019-01-07 10:07:31.6430000;2;2;00000000-0000-0000-0000-000000000001;9;Visualiza��o da FINANCEIRO_MEUS_BOLETOS;;
666153;111.111.114-44;2019-01-07 10:07:36.9870000;2;2;00000000-0000-0000-0000-000000000001;1;Visualiza��o da HOME;;
666154;111.111.114-45;2019-01-07 10:07:43.6130000;2;2;00000000-0000-0000-0000-000000000001;19;Visualiza��o da ASSISTENCIA_TECNICA;;
666155;111.111.114-46;2019-01-07 10:07:46.0700000;2;2;00000000-0000-0000-0000-000000000001;1;Visualiza��o da HOME;;
666156;111.111.114-47;2019-01-07 10:07:48.4670000;2;2;00000000-0000-0000-0000-000000000001;5;Visualiza��o da ANDAMENTO_OBRA;;
666157;111.111.114-48;2019-01-07 10:07:49.0670000;2;2;00000000-0000-0000-0000-000000000001;9;Visualiza��o da FINANCEIRO_MEUS_BOLETOS;;
666158;111.111.114-49;2019-01-07 10:07:51.0730000;2;2;00000000-0000-0000-0000-000000000001;1;Visualiza��o da HOME;;
666159;111.111.114-50;2019-01-07 10:07:54.0470000;2;2;00000000-0000-0000-0000-000000000001;8;Visualiza��o da FINANCEIRO_EXTRATO_FINANCEIRO;Posi��o Financeira;
666160;111.111.114-51;2019-01-07 10:07:54.5430000;2;2;00000000-0000-0000-0000-000000000001;8;Visualiza��o da FINANCEIRO_EXTRATO_FINANCEIRO;;
666161;111.111.114-52;2019-01-07 10:08:01.4830000;2;2;00000000-0000-0000-0000-000000000001;1;Visualiza��o da HOME;;
666162;111.111.114-53;2019-01-07 10:08:03.7800000;2;2;00000000-0000-0000-0000-000000000001;13;Visualiza��o da MEU_IMOVEL;;
666163;111.111.114-54;2019-01-07 10:08:04.0100000;2;2;00000000-0000-0000-0000-000000000001;1;Visualiza��o da HOME;;
666164;111.111.114-55;2019-01-07 10:08:06.9030000;2;2;00000000-0000-0000-0000-000000000001;9;Visualiza��o da FINANCEIRO_MEUS_BOLETOS;;
666165;111.111.114-56;2019-01-07 10:08:15.0500000;2;2;00000000-0000-0000-0000-000000000001;9;Visualiza��o da FINANCEIRO_MEUS_BOLETOS;Download de Boleto;
666166;111.111.114-57;2019-01-07 10:08:15.9070000;2;2;00000000-0000-0000-0000-000000000001;1;Visualiza��o da HOME;;
666167;111.111.114-58;2019-01-07 10:08:21.6470000;2;2;00000000-0000-0000-0000-000000000001;8;Visualiza��o da FINANCEIRO_EXTRATO_FINANCEIRO;Posi��o Financeira;
666168;111.111.114-59;2019-01-07 10:08:21.8130000;2;2;00000000-0000-0000-0000-000000000001;8;Visualiza��o da FINANCEIRO_EXTRATO_FINANCEIRO;;
666169;111.111.114-60;2019-01-07 10:08:29.2870000;2;2;00000000-0000-0000-0000-000000000001;4;Visualiza��o da CONHECA_PORTAL;;
666170;111.111.114-61;2019-01-07 10:08:33.8000000;2;2;00000000-0000-0000-0000-000000000001;5;Visualiza��o da ANDAMENTO_OBRA;;
666171;111.111.114-62;2019-01-07 10:08:41.9900000;2;2;00000000-0000-0000-0000-000000000001;1;Visualiza��o da HOME;;
666172;111.111.114-63;2019-01-07 10:08:43.3200000;2;2;00000000-0000-0000-0000-000000000001;8;Visualiza��o da FINANCEIRO_EXTRATO_FINANCEIRO;Posi��o Financeira;
666173;111.111.114-64;2019-01-07 10:08:43.8400000;2;2;00000000-0000-0000-0000-000000000001;8;Visualiza��o da FINANCEIRO_EXTRATO_FINANCEIRO;;
666174;111.111.114-65;2019-01-07 10:08:57.9600000;2;2;00000000-0000-0000-0000-000000000001;9;Visualiza��o da FINANCEIRO_MEUS_BOLETOS;;
666175;111.111.114-66;2019-01-07 10:08:58.0600000;2;2;00000000-0000-0000-0000-000000000001;8;Visualiza��o da FINANCEIRO_EXTRATO_FINANCEIRO;;
666176;111.111.114-67;2019-01-07 10:09:02.3230000;2;2;00000000-0000-0000-0000-000000000001;13;Visualiza��o da MEU_IMOVEL;;
666177;111.111.114-68;2019-01-07 10:09:06.5100000;2;2;00000000-0000-0000-0000-000000000001;8;Visualiza��o da FINANCEIRO_EXTRATO_FINANCEIRO;Posi��o Financeira;
666178;111.111.114-69;2019-01-07 10:09:06.8700000;2;2;00000000-0000-0000-0000-000000000001;8;Visualiza��o da FINANCEIRO_EXTRATO_FINANCEIRO;;
666179;111.111.114-70;2019-01-07 10:09:10.6400000;2;2;00000000-0000-0000-0000-000000000001;9;Visualiza��o da FINANCEIRO_MEUS_BOLETOS;;
666180;111.111.114-71;2019-01-07 10:09:15.8630000;2;2;3AF10F1D-7F7B-E711-9428-005056ACE682;1;Visualiza��o da HOME;;
666181;111.111.114-72;2019-01-07 10:09:22.5770000;2;2;00000000-0000-0000-0000-000000000001;1;Visualiza��o da HOME;;
666182;111.111.114-73;2019-01-07 10:09:27.9530000;2;2;00000000-0000-0000-0000-000000000001;9;Visualiza��o da FINANCEIRO_MEUS_BOLETOS;;
666183;111.111.114-74;2019-01-07 10:09:31.7670000;2;2;00000000-0000-0000-0000-000000000001;1;Visualiza��o da HOME;;
666184;111.111.114-75;2019-01-07 10:09:32.7600000;2;2;00000000-0000-0000-0000-000000000001;9;Visualiza��o da FINANCEIRO_MEUS_BOLETOS;Download de Boleto;
666185;111.111.114-76;2019-01-07 10:09:39.9400000;2;2;00000000-0000-0000-0000-000000000001;8;Visualiza��o da FINANCEIRO_EXTRATO_FINANCEIRO;Posi��o Financeira;
666186;111.111.114-77;2019-01-07 10:09:40.2800000;2;2;00000000-0000-0000-0000-000000000001;8;Visualiza��o da FINANCEIRO_EXTRATO_FINANCEIRO;;
666187;111.111.114-78;2019-01-07 10:09:48.4200000;2;2;00000000-0000-0000-0000-000000000001;1;Visualiza��o da HOME;;
666188;111.111.114-79;2019-01-07 10:09:55.0100000;2;2;00000000-0000-0000-0000-000000000001;9;Visualiza��o da FINANCEIRO_MEUS_BOLETOS;;
666189;111.111.114-80;2019-01-07 10:09:58.9030000;2;2;00000000-0000-0000-0000-000000000001;9;Visualiza��o da FINANCEIRO_MEUS_BOLETOS;;
666190;111.111.114-81;2019-01-07 10:10:00.2000000;2;2;00000000-0000-0000-0000-000000000001;5;Visualiza��o da ANDAMENTO_OBRA;;
666191;111.111.114-82;2019-01-07 10:10:10.1500000;2;2;00000000-0000-0000-0000-000000000001;5;Visualiza��o da ANDAMENTO_OBRA;;
666192;111.111.114-83;2019-01-07 10:10:26.0330000;2;2;00000000-0000-0000-0000-000000000001;13;Visualiza��o da MEU_IMOVEL;;
666193;111.111.114-84;2019-01-07 10:10:44.4470000;2;2;00000000-0000-0000-0000-000000000001;8;Visualiza��o da FINANCEIRO_EXTRATO_FINANCEIRO;Posi��o Financeira;
666194;111.111.114-85;2019-01-07 10:10:44.7830000;2;2;00000000-0000-0000-0000-000000000001;8;Visualiza��o da FINANCEIRO_EXTRATO_FINANCEIRO;;
666195;111.111.114-86;2019-01-07 10:10:49.1300000;2;2;00000000-0000-0000-0000-000000000001;1;Visualiza��o da HOME;;
666196;111.111.114-87;2019-01-07 10:10:53.5970000;2;2;00000000-0000-0000-0000-000000000001;1;Visualiza��o da HOME;;
666197;111.111.114-88;2019-01-07 10:10:58.2330000;2;2;00000000-0000-0000-0000-000000000001;11;Visualiza��o da FINANCEIRO_ANTECIPACAO;;
666198;111.111.114-89;2019-01-07 10:10:58.5130000;2;2;00000000-0000-0000-0000-000000000001;5;Visualiza��o da ANDAMENTO_OBRA;;
666199;111.111.114-90;2019-01-07 10:11:02.6100000;2;2;00000000-0000-0000-0000-000000000001;11;Visualiza��o da FINANCEIRO_ANTECIPACAO;;
666200;111.111.114-91;2019-01-07 10:11:02.8530000;2;2;00000000-0000-0000-0000-000000000001;8;Visualiza��o da FINANCEIRO_EXTRATO_FINANCEIRO;Posi��o Financeira;
666201;111.111.114-92;2019-01-07 10:11:02.9930000;2;2;00000000-0000-0000-0000-000000000001;8;Visualiza��o da FINANCEIRO_EXTRATO_FINANCEIRO;;
666202;111.111.114-93;2019-01-07 10:11:15.3870000;2;2;00000000-0000-0000-0000-000000000001;13;Visualiza��o da MEU_IMOVEL;;
666203;111.111.114-94;2019-01-07 10:11:18.0530000;2;2;00000000-0000-0000-0000-000000000001;9;Visualiza��o da FINANCEIRO_MEUS_BOLETOS;;
666204;111.111.114-95;2019-01-07 10:11:19.7470000;2;2;00000000-0000-0000-0000-000000000001;1;Visualiza��o da HOME;;
666205;111.111.114-96;2019-01-07 10:11:24.2030000;2;2;00000000-0000-0000-0000-000000000001;6;Visualiza��o da BENEFICIOS_VOCE;;
666206;111.111.114-97;2019-01-07 10:11:30.7100000;2;2;00000000-0000-0000-0000-000000000001;11;Visualiza��o da FINANCEIRO_ANTECIPACAO;;
666207;111.111.114-98;2019-01-07 10:11:36.0600000;2;2;00000000-0000-0000-0000-000000000001;11;Visualiza��o da FINANCEIRO_ANTECIPACAO;;
666208;111.111.114-99;2019-01-07 10:11:45.2200000;2;2;00000000-0000-0000-0000-000000000001;9;Visualiza��o da FINANCEIRO_MEUS_BOLETOS;;
666209;111.111.115-01;2019-01-07 10:11:47.7400000;2;2;00000000-0000-0000-0000-000000000001;9;Visualiza��o da FINANCEIRO_MEUS_BOLETOS;Visualizar Boleto;
666210;111.111.115-02;2019-01-07 10:11:48.0030000;2;2;00000000-0000-0000-0000-000000000001;9;Visualiza��o da FINANCEIRO_MEUS_BOLETOS;;
666211;111.111.115-03;2019-01-07 10:11:55.2900000;2;2;00000000-0000-0000-0000-000000000001;2;Visualiza��o da DADOS_CADASTRAIS;;
666212;111.111.115-04;2019-01-07 10:11:57.7970000;2;2;00000000-0000-0000-0000-000000000001;9;Visualiza��o da FINANCEIRO_MEUS_BOLETOS;;
666213;111.111.115-05;2019-01-07 10:12:11.9900000;2;2;00000000-0000-0000-0000-000000000001;9;Visualiza��o da FINANCEIRO_MEUS_BOLETOS;;
666214;111.111.115-06;2019-01-07 10:12:14.0200000;2;2;91B28C72-3F76-E811-80C0-005056955165;1;Visualiza��o da HOME;;
666215;111.111.115-07;2019-01-07 10:12:14.2900000;2;2;00000000-0000-0000-0000-000000000001;7;Visualiza��o da DOCUMENTOS;;
666216;111.111.115-08;2019-01-07 10:12:17.1730000;2;2;00000000-0000-0000-0000-000000000001;8;Visualiza��o da FINANCEIRO_EXTRATO_FINANCEIRO;Posi��o Financeira;
666217;111.111.115-09;2019-01-07 10:12:17.3470000;2;2;00000000-0000-0000-0000-000000000001;8;Visualiza��o da FINANCEIRO_EXTRATO_FINANCEIRO;;
13991;111.111.115-10;2018-06-28 17:54:08.2370000;2;2;00000000-0000-0000-0000-000000000001;6;Visualiza��o da BENEFICIOS_VOCE;;
13992;111.111.115-11;2018-06-28 17:54:10.5370000;2;2;00000000-0000-0000-0000-000000000001;9;Visualiza��o da FINANCEIRO_MEUS_BOLETOS;;
13993;111.111.115-12;2018-06-28 17:54:18.2370000;2;2;00000000-0000-0000-0000-000000000001;8;Visualiza��o da FINANCEIRO_EXTRATO_FINANCEIRO;;
13995;111.111.115-13;2018-06-28 17:54:58.3470000;2;2;00000000-0000-0000-0000-000000000001;6;Visualiza��o da BENEFICIOS_VOCE;;
13996;111.111.115-14;2018-06-28 17:55:22.9230000;2;2;00000000-0000-0000-0000-000000000001;1;Visualiza��o da HOME;;
13998;111.111.115-15;2018-06-28 17:55:32.1700000;2;2;00000000-0000-0000-0000-000000000001;7;Visualiza��o da DOCUMENTOS;;
13999;111.111.115-16;2018-06-28 17:55:34.3470000;2;2;00000000-0000-0000-0000-000000000001;13;Visualiza��o da MEU_IMOVEL;;
14001;111.111.115-17;2018-06-28 17:55:54.7170000;2;2;00000000-0000-0000-0000-000000000001;1;Visualiza��o da HOME;;
14002;111.111.115-18;2018-06-28 17:56:11.8730000;2;2;00000000-0000-0000-0000-000000000001;13;Visualiza��o da MEU_IMOVEL;;
14003;111.111.115-19;2018-06-28 17:56:39.0000000;2;2;00000000-0000-0000-0000-000000000001;13;Visualiza��o da MEU_IMOVEL;;
14004;111.111.115-20;2018-06-28 17:56:44.9400000;2;2;00000000-0000-0000-0000-000000000001;15;Visualiza��o da VISTORIA;;
14006;111.111.115-21;2018-06-28 17:57:40.3370000;2;2;00000000-0000-0000-0000-000000000001;16;Visualiza��o da FALE_CONOSCO;;
14012;111.111.115-22;2018-06-28 17:58:32.0030000;2;2;00000000-0000-0000-0000-000000000001;17;Visualiza��o da DUVIDAS_FREQUENTES;;
14015;111.111.115-23;2018-06-28 17:59:25.7900000;2;2;00000000-0000-0000-0000-000000000001;18;Visualiza��o da GLOSSARIO;;
14016;111.111.115-24;2018-06-28 18:01:33.8070000;2;2;00000000-0000-0000-0000-000000000001;1;Visualiza��o da HOME;;
14022;111.111.115-25;2018-06-28 18:02:07.7200000;2;2;00000000-0000-0000-0000-000000000001;6;Visualiza��o da BENEFICIOS_VOCE;;
14025;111.111.115-26;2018-06-28 18:02:25.3330000;2;2;00000000-0000-0000-0000-000000000001;6;Visualiza��o da BENEFICIOS_VOCE;;
14049;111.111.115-27;2018-06-28 18:07:31.5770000;2;2;00000000-0000-0000-0000-000000000001;1;Visualiza��o da HOME;;
14051;111.111.115-28;2018-06-28 18:07:43.8300000;2;2;00000000-0000-0000-0000-000000000001;5;Visualiza��o da ANDAMENTO_OBRA;;
14054;111.111.115-29;2018-06-28 18:09:12.2930000;2;2;00000000-0000-0000-0000-000000000001;1;Visualiza��o da HOME;;
14055;111.111.115-30;2018-06-28 18:09:21.0300000;2;2;00000000-0000-0000-0000-000000000001;9;Visualiza��o da FINANCEIRO_MEUS_BOLETOS;;
14070;111.111.115-31;2018-06-28 18:21:43.4870000;2;2;1FA6C7F4-653A-E711-9428-005056ACE682;1;Visualiza��o da HOME;;
14071;111.111.115-32;2018-06-28 18:21:47.5600000;2;2;1FA6C7F4-653A-E711-9428-005056ACE682;7;Visualiza��o da DOCUMENTOS;;
14072;111.111.115-33;2018-06-28 18:24:20.9330000;2;2;91B28C72-3F76-E811-80C0-005056955165;1;Visualiza��o da HOME;;
14073;111.111.115-34;2018-06-28 18:24:47.9530000;2;2;00000000-0000-0000-0000-000000000001;1;Visualiza��o da HOME;;
14077;111.111.115-35;2018-06-28 18:25:49.3830000;2;2;00000000-0000-0000-0000-000000000001;10;Visualiza��o da FINANCEIRO_INFORME_RENDIMENTOS;;
14035;111.111.115-36;2018-06-28 18:04:45.4000000;2;2;00000000-0000-0000-0000-000000000001;1;Visualiza��o da HOME;;
14036;111.111.115-37;2018-06-28 18:04:54.2000000;2;2;00000000-0000-0000-0000-000000000001;1;Visualiza��o da HOME;;
14037;111.111.115-38;2018-06-28 18:04:56.3500000;2;2;7AA52A9D-B618-E711-941A-001DD8200008;7;Visualiza��o da DOCUMENTOS;;
14038;111.111.115-39;2018-06-28 18:04:57.4700000;2;2;00000000-0000-0000-0000-000000000001;7;Visualiza��o da DOCUMENTOS;;
14039;111.111.115-40;2018-06-28 18:05:07.8470000;2;2;00000000-0000-0000-0000-000000000001;1;Visualiza��o da HOME;;
14040;111.111.115-41;2018-06-28 18:05:09.1400000;2;2;00000000-0000-0000-0000-000000000001;8;Visualiza��o da FINANCEIRO_EXTRATO_FINANCEIRO;;
666038;111.111.115-42;2019-01-07 09:58:19.0400000;2;2;AB3FE1FC-C9E1-E811-80C5-00505695E94A;9;Visualiza��o da FINANCEIRO_MEUS_BOLETOS;Download de Boleto;
666039;111.111.115-43;2019-01-07 09:58:25.7100000;2;2;00000000-0000-0000-0000-000000000001;6;Visualiza��o da BENEFICIOS_VOCE;;
666040;111.111.115-44;2019-01-07 09:58:37.9500000;2;2;00000000-0000-0000-0000-000000000001;1;Visualiza��o da HOME;;
666041;111.111.115-45;2019-01-07 09:58:40.1130000;2;2;00000000-0000-0000-0000-000000000001;1;Visualiza��o da HOME;;
666042;111.111.115-46;2019-01-07 09:58:47.4600000;2;2;00000000-0000-0000-0000-000000000001;1;Visualiza��o da HOME;;
666043;111.111.115-47;2019-01-07 09:58:51.1000000;2;2;00000000-0000-0000-0000-000000000001;1;Visualiza��o da HOME;;
666044;111.111.115-48;2019-01-07 09:58:57.8770000;2;2;00000000-0000-0000-0000-000000000001;19;Visualiza��o da ASSISTENCIA_TECNICA;;
666045;111.111.115-49;2019-01-07 09:59:09.2700000;2;2;00000000-0000-0000-0000-000000000001;9;Visualiza��o da FINANCEIRO_MEUS_BOLETOS;;
666046;111.111.115-50;2019-01-07 09:59:15.0900000;2;2;00000000-0000-0000-0000-000000000001;1;Visualiza��o da HOME;;
666047;111.111.115-51;2019-01-07 09:59:21.9370000;2;2;00000000-0000-0000-0000-000000000001;16;Visualiza��o da FALE_CONOSCO;Visualiza��o de Fale Conosco;
666048;111.111.115-52;2019-01-07 09:59:23.4070000;2;2;00000000-0000-0000-0000-000000000001;16;Visualiza��o da FALE_CONOSCO;;
666057;111.111.115-53;2019-01-07 10:01:19.0100000;2;2;00000000-0000-0000-0000-000000000001;1;Visualiza��o da HOME;;
666058;111.111.115-54;2019-01-07 10:01:55.5000000;2;2;00000000-0000-0000-0000-000000000001;1;Visualiza��o da HOME;;
666059;111.111.115-55;2019-01-07 10:02:12.0300000;2;2;00000000-0000-0000-0000-000000000001;9;Visualiza��o da FINANCEIRO_MEUS_BOLETOS;;
666060;111.111.115-56;2019-01-07 10:02:41.8030000;2;2;00000000-0000-0000-0000-000000000001;5;Visualiza��o da ANDAMENTO_OBRA;;
666061;111.111.115-57;2019-01-07 10:02:42.6600000;2;2;00000000-0000-0000-0000-000000000001;5;Visualiza��o da ANDAMENTO_OBRA;;
666062;111.111.115-58;2019-01-07 10:02:44.6400000;2;2;00000000-0000-0000-0000-000000000001;1;Visualiza��o da HOME;;
666063;111.111.115-59;2019-01-07 10:02:50.2930000;2;2;00000000-0000-0000-0000-000000000001;13;Visualiza��o da MEU_IMOVEL;;
666064;111.111.115-60;2019-01-07 10:02:53.5600000;2;2;00000000-0000-0000-0000-000000000001;1;Visualiza��o da HOME;;
666065;111.111.115-61;2019-01-07 10:03:08.8530000;2;2;00000000-0000-0000-0000-000000000001;10;Visualiza��o da FINANCEIRO_INFORME_RENDIMENTOS;;
666066;111.111.115-62;2019-01-07 10:03:11.3630000;2;2;00000000-0000-0000-0000-000000000001;11;Visualiza��o da FINANCEIRO_ANTECIPACAO;;
666068;111.111.115-63;2019-01-07 10:03:33.3830000;2;2;00000000-0000-0000-0000-000000000001;1;Visualiza��o da HOME;;
666069;111.111.115-64;2019-01-07 10:03:33.5770000;2;2;00000000-0000-0000-0000-000000000001;16;Visualiza��o da FALE_CONOSCO;Visualiza��o de Fale Conosco;
666070;111.111.115-65;2019-01-07 10:03:34.3430000;1;2;00000000-0000-0000-0000-000000000001;16;Cria��o em FALE_CONOSCO;Cria��o de Fale Conosco, CYR-2018086-Y4S1;
666071;111.111.115-66;2019-01-07 10:03:34.9570000;2;2;00000000-0000-0000-0000-000000000001;16;Visualiza��o da FALE_CONOSCO;Visualiza��o de Fale Conosco;
666072;111.111.115-67;2019-01-07 10:03:35.2370000;2;2;00000000-0000-0000-0000-000000000001;16;Visualiza��o da FALE_CONOSCO;;
666073;111.111.115-68;2019-01-07 10:03:36.3530000;2;2;00000000-0000-0000-0000-000000000001;16;Visualiza��o da FALE_CONOSCO;;
666074;111.111.115-69;2019-01-07 10:03:37.3500000;2;2;00000000-0000-0000-0000-000000000001;16;Visualiza��o da FALE_CONOSCO;Visualiza��o de Fale Conosco;
666075;111.111.115-70;2019-01-07 10:03:38.1700000;2;2;00000000-0000-0000-0000-000000000001;16;Visualiza��o da FALE_CONOSCO;;
666077;111.111.115-71;2019-01-07 10:03:48.3830000;2;2;00000000-0000-0000-0000-000000000001;1;Visualiza��o da HOME;;
666081;111.111.115-72;2019-01-07 10:03:58.9830000;2;2;00000000-0000-0000-0000-000000000001;11;Visualiza��o da FINANCEIRO_ANTECIPACAO;;
666083;111.111.115-73;2019-01-07 10:04:07.4600000;2;2;00000000-0000-0000-0000-000000000001;1;Visualiza��o da HOME;;
666086;111.111.115-74;2019-01-07 10:04:19.9500000;2;2;00000000-0000-0000-0000-000000000001;8;Visualiza��o da FINANCEIRO_EXTRATO_FINANCEIRO;Posi��o Financeira;
666087;111.111.115-75;2019-01-07 10:04:20.5100000;2;2;00000000-0000-0000-0000-000000000001;8;Visualiza��o da FINANCEIRO_EXTRATO_FINANCEIRO;;
666089;111.111.115-76;2019-01-07 10:04:24.7200000;2;2;00000000-0000-0000-0000-000000000001;16;Visualiza��o da FALE_CONOSCO;Visualiza��o de Fale Conosco;
666090;111.111.115-77;2019-01-07 10:04:24.8600000;1;2;00000000-0000-0000-0000-000000000001;16;Cria��o em FALE_CONOSCO;Cria��o de Fale Conosco, CYR-2018090-C8W0;
666091;111.111.115-78;2019-01-07 10:04:25.1000000;2;2;00000000-0000-0000-0000-000000000001;16;Visualiza��o da FALE_CONOSCO;Visualiza��o de Fale Conosco;
666092;111.111.115-79;2019-01-07 10:04:25.5200000;2;2;00000000-0000-0000-0000-000000000001;16;Visualiza��o da FALE_CONOSCO;;
666093;111.111.115-80;2019-01-07 10:04:26.2730000;2;2;00000000-0000-0000-0000-000000000001;16;Visualiza��o da FALE_CONOSCO;;
666094;111.111.115-81;2019-01-07 10:04:27.7100000;2;2;00000000-0000-0000-0000-000000000001;8;Visualiza��o da FINANCEIRO_EXTRATO_FINANCEIRO;Posi��o Financeira;
666095;111.111.115-82;2019-01-07 10:04:27.8200000;2;2;00000000-0000-0000-0000-000000000001;8;Visualiza��o da FINANCEIRO_EXTRATO_FINANCEIRO;;
13933;111.111.115-83;2018-06-28 17:37:53.8630000;2;2;00000000-0000-0000-0000-000000000001;13;Visualiza��o da MEU_IMOVEL;;
13934;111.111.115-84;2018-06-28 17:38:15.1570000;2;2;00000000-0000-0000-0000-000000000001;16;Visualiza��o da FALE_CONOSCO;;
13935;111.111.115-85;2018-06-28 17:38:48.5900000;2;2;00000000-0000-0000-0000-000000000001;6;Visualiza��o da BENEFICIOS_VOCE;;
13936;111.111.115-86;2018-06-28 17:39:03.3730000;1;2;00000000-0000-0000-0000-000000000001;16;Cria��o em FALE_CONOSCO;Cria��o de Fale Conosco, CYR-1770864-L9H2;
13937;111.111.115-87;2018-06-28 17:39:03.9930000;2;2;00000000-0000-0000-0000-000000000001;16;Visualiza��o da FALE_CONOSCO;;
13938;111.111.115-88;2018-06-28 17:39:15.3030000;2;2;00000000-0000-0000-0000-000000000001;16;Visualiza��o da FALE_CONOSCO;;
13941;111.111.115-89;2018-06-28 17:39:35.1630000;2;2;00000000-0000-0000-0000-000000000001;16;Visualiza��o da FALE_CONOSCO;;
13943;111.111.115-90;2018-06-28 17:39:38.8470000;2;2;780DE954-B16B-E711-9428-005056ACE682;9;Visualiza��o da FINANCEIRO_MEUS_BOLETOS;;
13945;111.111.115-91;2018-06-28 17:40:30.4230000;2;2;780DE954-B16B-E711-9428-005056ACE682;9;Visualiza��o da FINANCEIRO_MEUS_BOLETOS;;
13946;111.111.115-92;2018-06-28 17:40:46.0000000;2;2;00000000-0000-0000-0000-000000000001;1;Visualiza��o da HOME;;
13948;111.111.115-93;2018-06-28 17:41:21.6930000;2;2;00000000-0000-0000-0000-000000000001;1;Visualiza��o da HOME;;
13949;111.111.115-94;2018-06-28 17:41:32.6630000;2;2;00000000-0000-0000-0000-000000000001;8;Visualiza��o da FINANCEIRO_EXTRATO_FINANCEIRO;;
13951;111.111.115-95;2018-06-28 17:41:56.1100000;2;2;00000000-0000-0000-0000-000000000001;5;Visualiza��o da ANDAMENTO_OBRA;;
13952;111.111.115-96;2018-06-28 17:42:02.4770000;2;2;00000000-0000-0000-0000-000000000001;1;Visualiza��o da HOME;;
13955;111.111.115-97;2018-06-28 17:43:17.5930000;2;2;00000000-0000-0000-0000-000000000001;1;Visualiza��o da HOME;;
13956;111.111.115-98;2018-06-28 17:43:26.0700000;2;2;00000000-0000-0000-0000-000000000001;2;Visualiza��o da DADOS_CADASTRAIS;;
13957;111.111.115-99;2018-06-28 17:43:34.1330000;2;2;00000000-0000-0000-0000-000000000001;19;Visualiza��o da ASSISTENCIA_TECNICA;;
13967;111.111.116-01;2018-06-28 17:46:42.7830000;2;2;00000000-0000-0000-0000-000000000001;1;Visualiza��o da HOME;;
13971;111.111.116-02;2018-06-28 17:48:40.3400000;2;2;00000000-0000-0000-0000-000000000001;19;Visualiza��o da ASSISTENCIA_TECNICA;;
13974;111.111.116-03;2018-06-28 17:49:34.2730000;2;2;00000000-0000-0000-0000-000000000001;1;Visualiza��o da HOME;;
13977;111.111.116-04;2018-06-28 17:49:51.8900000;2;2;00000000-0000-0000-0000-000000000001;1;Visualiza��o da HOME;;
13979;111.111.116-05;2018-06-28 17:50:46.8700000;2;2;00000000-0000-0000-0000-000000000001;5;Visualiza��o da ANDAMENTO_OBRA;;
13980;111.111.116-06;2018-06-28 17:51:14.4870000;2;2;00000000-0000-0000-0000-000000000001;5;Visualiza��o da ANDAMENTO_OBRA;;
13981;111.111.116-07;2018-06-28 17:51:32.2470000;2;2;00000000-0000-0000-0000-000000000001;19;Visualiza��o da ASSISTENCIA_TECNICA;;
13982;111.111.116-08;2018-06-28 17:52:04.0800000;2;2;00000000-0000-0000-0000-000000000001;6;Visualiza��o da BENEFICIOS_VOCE;;
13983;111.111.116-09;2018-06-28 17:52:10.0600000;2;2;00000000-0000-0000-0000-000000000001;6;Visualiza��o da BENEFICIOS_VOCE;;
14611;111.111.116-10;2018-06-29 08:56:55.0370000;2;2;97B9F977-E350-E111-B22E-0026B97D92FF;9;Visualiza��o da FINANCEIRO_MEUS_BOLETOS;;
14612;111.111.116-11;2018-06-29 08:57:01.5670000;2;2;97B9F977-E350-E111-B22E-0026B97D92FF;9;Visualiza��o da FINANCEIRO_MEUS_BOLETOS;Download de Boleto;
14613;111.111.116-12;2018-06-29 09:00:04.6030000;2;2;00000000-0000-0000-0000-000000000001;1;Visualiza��o da HOME;;
14614;111.111.116-13;2018-06-29 09:00:15.7070000;2;2;00000000-0000-0000-0000-000000000001;9;Visualiza��o da FINANCEIRO_MEUS_BOLETOS;;
14615;111.111.116-14;2018-06-29 09:01:17.4530000;2;2;00000000-0000-0000-0000-000000000001;13;Visualiza��o da MEU_IMOVEL;;
14616;111.111.116-15;2018-06-29 09:02:13.7930000;2;2;00000000-0000-0000-0000-000000000001;7;Visualiza��o da DOCUMENTOS;;
14617;111.111.116-16;2018-06-29 09:02:46.3570000;2;2;00000000-0000-0000-0000-000000000001;1;Visualiza��o da HOME;;
14618;111.111.116-17;2018-06-29 09:03:34.4530000;2;2;1FA6C7F4-653A-E711-9428-005056ACE682;1;Visualiza��o da HOME;;
14619;111.111.116-18;2018-06-29 09:04:53.6070000;2;2;00000000-0000-0000-0000-000000000001;9;Visualiza��o da FINANCEIRO_MEUS_BOLETOS;;
14620;111.111.116-19;2018-06-29 09:05:43.1900000;2;2;72FAD97D-9248-E811-80C0-005056955165;1;Visualiza��o da HOME;;
14621;111.111.116-20;2018-06-29 09:06:02.1400000;2;2;00000000-0000-0000-0000-000000000001;1;Visualiza��o da HOME;;
14622;111.111.116-21;2018-06-29 09:06:50.3600000;2;2;00000000-0000-0000-0000-000000000001;8;Visualiza��o da FINANCEIRO_EXTRATO_FINANCEIRO;;
14623;111.111.116-22;2018-06-29 09:06:50.6700000;2;2;00000000-0000-0000-0000-000000000001;7;Visualiza��o da DOCUMENTOS;;
14624;111.111.116-23;2018-06-29 09:08:46.7000000;2;2;00000000-0000-0000-0000-000000000001;11;Visualiza��o da FINANCEIRO_ANTECIPACAO;;
14625;111.111.116-24;2018-06-29 09:09:07.9700000;2;2;00000000-0000-0000-0000-000000000001;1;Visualiza��o da HOME;;
14626;111.111.116-25;2018-06-29 09:09:12.1770000;2;2;00000000-0000-0000-0000-000000000001;1;Visualiza��o da HOME;;
14627;111.111.116-26;2018-06-29 09:09:22.1470000;2;2;00000000-0000-0000-0000-000000000001;1;Visualiza��o da HOME;;
14628;111.111.116-27;2018-06-29 09:09:23.9770000;2;2;00000000-0000-0000-0000-000000000001;11;Visualiza��o da FINANCEIRO_ANTECIPACAO;;
14629;111.111.116-28;2018-06-29 09:09:35.5200000;2;2;A2CADC92-2E68-E811-80C0-005056955165;1;Visualiza��o da HOME;;
14630;111.111.116-29;2018-06-29 09:09:38.9770000;2;2;00000000-0000-0000-0000-000000000001;5;Visualiza��o da ANDAMENTO_OBRA;;
14631;111.111.116-30;2018-06-29 09:09:39.4000000;2;2;00000000-0000-0000-0000-000000000001;11;Visualiza��o da FINANCEIRO_ANTECIPACAO;;
14632;111.111.116-31;2018-06-29 09:10:09.6930000;2;2;00000000-0000-0000-0000-000000000001;9;Visualiza��o da FINANCEIRO_MEUS_BOLETOS;;
14633;111.111.116-32;2018-06-29 09:10:37.2930000;2;2;00000000-0000-0000-0000-000000000001;2;Visualiza��o da DADOS_CADASTRAIS;;
14634;111.111.116-33;2018-06-29 09:11:06.0400000;2;2;00000000-0000-0000-0000-000000000001;8;Visualiza��o da FINANCEIRO_EXTRATO_FINANCEIRO;;
14635;111.111.116-34;2018-06-29 09:11:15.0200000;2;2;00000000-0000-0000-0000-000000000001;11;Visualiza��o da FINANCEIRO_ANTECIPACAO;;
14636;111.111.116-35;2018-06-29 09:11:30.8400000;2;2;00000000-0000-0000-0000-000000000001;1;Visualiza��o da HOME;;
14637;111.111.116-36;2018-06-29 09:16:43.0370000;3;2;00000000-0000-0000-0000-000000000001;2;Atualiza��o em DADOS_CADASTRAIS;Erro na atualiza��o de Cadastro, Erro ao Atualizar Pessoa Fisica Server Error;
14638;111.111.116-37;2018-06-29 09:22:25.4470000;2;2;00000000-0000-0000-0000-000000000001;1;Visualiza��o da HOME;;
14639;111.111.116-38;2018-06-29 09:26:32.5530000;2;2;00000000-0000-0000-0000-000000000001;5;Visualiza��o da ANDAMENTO_OBRA;;
14640;111.111.116-39;2018-06-29 09:26:33.5800000;2;2;00000000-0000-0000-0000-000000000001;1;Visualiza��o da HOME;;
14641;111.111.116-40;2018-06-29 09:26:35.6270000;2;2;02E876E7-4030-E711-941B-001DD8200008;1;Visualiza��o da HOME;;
14642;111.111.116-41;2018-06-29 09:26:37.3300000;2;2;00000000-0000-0000-0000-000000000001;1;Visualiza��o da HOME;;
14643;111.111.116-42;2018-06-29 09:26:44.7200000;2;2;00000000-0000-0000-0000-000000000001;1;Visualiza��o da HOME;;
14644;111.111.116-43;2018-06-29 09:26:47.0630000;2;2;00000000-0000-0000-0000-000000000001;1;Visualiza��o da HOME;;
14645;111.111.116-44;2018-06-29 09:26:54.5670000;2;2;00000000-0000-0000-0000-000000000001;8;Visualiza��o da FINANCEIRO_EXTRATO_FINANCEIRO;;
14646;111.111.116-45;2018-06-29 09:31:24.4830000;2;2;00000000-0000-0000-0000-000000000001;5;Visualiza��o da ANDAMENTO_OBRA;;
14647;111.111.116-46;2018-06-29 09:31:45.3470000;2;2;02E876E7-4030-E711-941B-001DD8200008;8;Visualiza��o da FINANCEIRO_EXTRATO_FINANCEIRO;;
14648;111.111.116-47;2018-06-29 09:36:25.2770000;2;2;325C65C1-0C6A-E611-9414-001DD8200008;1;Visualiza��o da HOME;;
14649;111.111.116-48;2018-06-29 09:36:25.4730000;2;2;00000000-0000-0000-0000-000000000001;1;Visualiza��o da HOME;;
14650;111.111.116-49;2018-06-29 10:02:27.3600000;2;2;00000000-0000-0000-0000-000000000001;1;Visualiza��o da HOME;;
14651;111.111.116-50;2018-06-29 10:07:37.1200000;2;2;00000000-0000-0000-0000-000000000001;1;Visualiza��o da HOME;;
14652;111.111.116-51;2018-06-29 10:09:25.4400000;2;2;00000000-0000-0000-0000-000000000001;17;Visualiza��o da DUVIDAS_FREQUENTES;;
14653;111.111.116-52;2018-06-29 10:16:04.4030000;2;2;00000000-0000-0000-0000-000000000001;1;Visualiza��o da HOME;;
14654;111.111.116-53;2018-06-29 10:17:27.9900000;2;2;3AF10F1D-7F7B-E711-9428-005056ACE682;1;Visualiza��o da HOME;;
14655;111.111.116-54;2018-06-29 10:21:00.4170000;2;2;00000000-0000-0000-0000-000000000001;1;Visualiza��o da HOME;;
14656;111.111.116-55;2018-06-29 10:21:08.8870000;2;2;00000000-0000-0000-0000-000000000001;1;Visualiza��o da HOME;;
14657;111.111.116-56;2018-06-29 10:22:42.2730000;2;2;AB74C070-89F6-E511-9401-001DD8200008;1;Visualiza��o da HOME;;
14659;111.111.116-57;2018-06-29 10:25:14.9970000;2;2;54032D0D-7972-E511-9406-001DD8200001;1;Visualiza��o da HOME;;
14661;111.111.116-58;2018-06-29 10:25:33.3300000;2;2;00000000-0000-0000-0000-000000000001;1;Visualiza��o da HOME;;
14662;111.111.116-59;2018-06-29 10:26:53.4430000;2;2;00000000-0000-0000-0000-000000000001;1;Visualiza��o da HOME;;
14665;111.111.116-60;2018-06-29 10:27:49.5300000;2;2;00000000-0000-0000-0000-000000000001;1;Visualiza��o da HOME;;
14666;111.111.116-61;2018-06-29 10:27:49.5470000;2;2;00000000-0000-0000-0000-000000000001;1;Visualiza��o da HOME;;
14667;111.111.116-62;2018-06-29 10:27:49.8370000;2;2;00000000-0000-0000-0000-000000000001;1;Visualiza��o da HOME;;
14670;111.111.116-63;2018-06-29 10:27:56.2830000;2;2;00000000-0000-0000-0000-000000000001;1;Visualiza��o da HOME;;
14672;111.111.116-64;2018-06-29 10:28:07.4270000;2;2;00000000-0000-0000-0000-000000000001;1;Visualiza��o da HOME;;
14673;111.111.116-65;2018-06-29 10:28:12.7870000;2;2;00000000-0000-0000-0000-000000000001;2;Visualiza��o da DADOS_CADASTRAIS;;
13900;111.111.116-66;2018-06-28 17:34:49.3600000;2;2;00000000-0000-0000-0000-000000000001;5;Visualiza��o da ANDAMENTO_OBRA;;
13901;111.111.116-67;2018-06-28 17:34:50.8870000;2;2;00000000-0000-0000-0000-000000000001;6;Visualiza��o da BENEFICIOS_VOCE;;
13902;111.111.116-68;2018-06-28 17:34:57.5300000;2;2;00000000-0000-0000-0000-000000000001;6;Visualiza��o da BENEFICIOS_VOCE;;
13903;111.111.116-69;2018-06-28 17:35:13.5500000;2;2;00000000-0000-0000-0000-000000000001;6;Visualiza��o da BENEFICIOS_VOCE;;
13906;111.111.116-70;2018-06-28 17:35:30.1430000;2;2;00000000-0000-0000-0000-000000000001;1;Visualiza��o da HOME;;
13907;111.111.116-71;2018-06-28 17:35:30.5070000;2;2;00000000-0000-0000-0000-000000000001;6;Visualiza��o da BENEFICIOS_VOCE;;
13911;111.111.116-72;2018-06-28 17:35:53.3030000;2;2;00000000-0000-0000-0000-000000000001;1;Visualiza��o da HOME;;
13912;111.111.116-73;2018-06-28 17:35:58.6100000;2;2;00000000-0000-0000-0000-000000000001;9;Visualiza��o da FINANCEIRO_MEUS_BOLETOS;;
13915;111.111.116-74;2018-06-28 17:36:01.6930000;2;2;00000000-0000-0000-0000-000000000001;9;Visualiza��o da FINANCEIRO_MEUS_BOLETOS;Visualizar Boleto;
13917;111.111.116-75;2018-06-28 17:36:02.1030000;2;2;00000000-0000-0000-0000-000000000001;9;Visualiza��o da FINANCEIRO_MEUS_BOLETOS;;
13918;111.111.116-76;2018-06-28 17:36:05.0430000;2;2;00000000-0000-0000-0000-000000000001;6;Visualiza��o da BENEFICIOS_VOCE;;
13920;111.111.116-77;2018-06-28 17:36:13.3800000;2;2;00000000-0000-0000-0000-000000000001;6;Visualiza��o da BENEFICIOS_VOCE;;
13921;111.111.116-78;2018-06-28 17:36:15.7930000;2;2;00000000-0000-0000-0000-000000000001;9;Visualiza��o da FINANCEIRO_MEUS_BOLETOS;;
13922;111.111.116-79;2018-06-28 17:36:21.1330000;2;2;00000000-0000-0000-0000-000000000001;1;Visualiza��o da HOME;;
13929;111.111.116-80;2018-06-28 17:36:57.6830000;2;2;00000000-0000-0000-0000-000000000001;11;Visualiza��o da FINANCEIRO_ANTECIPACAO;;
13939;111.111.116-81;2018-06-28 17:39:23.0330000;2;2;00000000-0000-0000-0000-000000000001;7;Visualiza��o da DOCUMENTOS;;
13940;111.111.116-82;2018-06-28 17:39:28.3230000;2;2;00000000-0000-0000-0000-000000000001;1;Visualiza��o da HOME;;
13942;111.111.116-83;2018-06-28 17:39:37.5100000;2;2;00000000-0000-0000-0000-000000000001;1;Visualiza��o da HOME;;
13944;111.111.116-84;2018-06-28 17:40:07.7570000;2;2;00000000-0000-0000-0000-000000000001;5;Visualiza��o da ANDAMENTO_OBRA;;
13947;111.111.116-85;2018-06-28 17:41:05.0100000;2;2;00000000-0000-0000-0000-000000000001;13;Visualiza��o da MEU_IMOVEL;;
13950;111.111.116-86;2018-06-28 17:41:34.2600000;2;2;00000000-0000-0000-0000-000000000001;8;Visualiza��o da FINANCEIRO_EXTRATO_FINANCEIRO;;
13953;111.111.116-87;2018-06-28 17:42:29.1770000;2;2;00000000-0000-0000-0000-000000000001;19;Visualiza��o da ASSISTENCIA_TECNICA;;
13954;111.111.116-88;2018-06-28 17:42:40.3830000;2;2;00000000-0000-0000-0000-000000000001;6;Visualiza��o da BENEFICIOS_VOCE;;
13958;111.111.116-89;2018-06-28 17:43:52.0600000;2;2;00000000-0000-0000-0000-000000000001;1;Visualiza��o da HOME;;
13959;111.111.116-90;2018-06-28 17:44:32.4930000;2;2;00000000-0000-0000-0000-000000000001;5;Visualiza��o da ANDAMENTO_OBRA;;
13960;111.111.116-91;2018-06-28 17:45:13.1800000;2;2;00000000-0000-0000-0000-000000000001;1;Visualiza��o da HOME;;
13961;111.111.116-92;2018-06-28 17:45:45.4300000;2;2;00000000-0000-0000-0000-000000000001;1;Visualiza��o da HOME;;
13962;111.111.116-93;2018-06-28 17:45:54.1670000;2;2;00000000-0000-0000-0000-000000000001;1;Visualiza��o da HOME;;
13963;111.111.116-94;2018-06-28 17:46:02.3100000;2;2;00000000-0000-0000-0000-000000000001;7;Visualiza��o da DOCUMENTOS;;
13964;111.111.116-95;2018-06-28 17:46:16.2000000;2;2;00000000-0000-0000-0000-000000000001;9;Visualiza��o da FINANCEIRO_MEUS_BOLETOS;;
13965;111.111.116-96;2018-06-28 17:46:22.0500000;2;2;00000000-0000-0000-0000-000000000001;10;Visualiza��o da FINANCEIRO_INFORME_RENDIMENTOS;;
13966;111.111.116-97;2018-06-28 17:46:41.7570000;2;2;00000000-0000-0000-0000-000000000001;11;Visualiza��o da FINANCEIRO_ANTECIPACAO;;
13968;111.111.116-98;2018-06-28 17:46:47.1730000;2;2;00000000-0000-0000-0000-000000000001;11;Visualiza��o da FINANCEIRO_ANTECIPACAO;;
13969;111.111.116-99;2018-06-28 17:47:31.4130000;2;2;00000000-0000-0000-0000-000000000001;1;Visualiza��o da HOME;;
13970;111.111.117-01;2018-06-28 17:48:08.9530000;2;2;00000000-0000-0000-0000-000000000001;6;Visualiza��o da BENEFICIOS_VOCE;;
13972;111.111.117-02;2018-06-28 17:49:26.5130000;2;2;00000000-0000-0000-0000-000000000001;11;Visualiza��o da FINANCEIRO_ANTECIPACAO;;
13973;111.111.117-03;2018-06-28 17:49:31.9470000;2;2;00000000-0000-0000-0000-000000000001;11;Visualiza��o da FINANCEIRO_ANTECIPACAO;;
13975;111.111.117-04;2018-06-28 17:49:44.8670000;2;2;00000000-0000-0000-0000-000000000001;11;Visualiza��o da FINANCEIRO_ANTECIPACAO;;
13976;111.111.117-05;2018-06-28 17:49:49.6270000;2;2;00000000-0000-0000-0000-000000000001;11;Visualiza��o da FINANCEIRO_ANTECIPACAO;;
13978;111.111.117-06;2018-06-28 17:50:05.9270000;2;2;00000000-0000-0000-0000-000000000001;13;Visualiza��o da MEU_IMOVEL;;
13986;111.111.117-07;2018-06-28 17:52:58.3030000;2;2;00000000-0000-0000-0000-000000000001;1;Visualiza��o da HOME;;
13994;111.111.117-08;2018-06-28 17:54:48.7130000;2;2;00000000-0000-0000-0000-000000000001;1;Visualiza��o da HOME;;
13997;111.111.117-09;2018-06-28 17:55:31.9630000;2;2;00000000-0000-0000-0000-000000000001;7;Visualiza��o da DOCUMENTOS;;
14000;111.111.117-10;2018-06-28 17:55:50.4570000;2;2;00000000-0000-0000-0000-000000000001;13;Visualiza��o da MEU_IMOVEL;;
14005;111.111.117-11;2018-06-28 17:57:10.5330000;2;2;00000000-0000-0000-0000-000000000001;1;Visualiza��o da HOME;;
14007;111.111.117-12;2018-06-28 17:57:51.6230000;2;2;00000000-0000-0000-0000-000000000001;1;Visualiza��o da HOME;;
14008;111.111.117-13;2018-06-28 17:57:59.1400000;2;2;00000000-0000-0000-0000-000000000001;6;Visualiza��o da BENEFICIOS_VOCE;;
14009;111.111.117-14;2018-06-28 17:58:06.1800000;2;2;00000000-0000-0000-0000-000000000001;8;Visualiza��o da FINANCEIRO_EXTRATO_FINANCEIRO;;
14010;111.111.117-15;2018-06-28 17:58:16.2130000;2;2;00000000-0000-0000-0000-000000000001;11;Visualiza��o da FINANCEIRO_ANTECIPACAO;;
14011;111.111.117-16;2018-06-28 17:58:29.4600000;2;2;00000000-0000-0000-0000-000000000001;8;Visualiza��o da FINANCEIRO_EXTRATO_FINANCEIRO;;
14013;111.111.117-17;2018-06-28 17:58:59.5730000;2;2;00000000-0000-0000-0000-000000000001;9;Visualiza��o da FINANCEIRO_MEUS_BOLETOS;;
14014;111.111.117-18;2018-06-28 17:59:05.8270000;2;2;00000000-0000-0000-0000-000000000001;11;Visualiza��o da FINANCEIRO_ANTECIPACAO;;
14017;111.111.117-19;2018-06-28 18:01:38.1570000;2;2;00000000-0000-0000-0000-000000000001;1;Visualiza��o da HOME;;
14018;111.111.117-20;2018-06-28 18:01:41.8000000;2;2;00000000-0000-0000-0000-000000000001;1;Visualiza��o da HOME;;
14019;111.111.117-21;2018-06-28 18:01:46.5930000;2;2;7AA52A9D-B618-E711-941A-001DD8200008;1;Visualiza��o da HOME;;
14020;111.111.117-22;2018-06-28 18:01:50.9600000;2;2;00000000-0000-0000-0000-000000000001;1;Visualiza��o da HOME;;
14021;111.111.117-23;2018-06-28 18:02:01.4800000;2;2;00000000-0000-0000-0000-000000000001;5;Visualiza��o da ANDAMENTO_OBRA;;
